record_id,participant_id,program_code,main_group,order_variant,age_group,design_education,digital_use,crowd_discomfort,study_duration_min,sensitivity_focus_or_reload_flag,final_usefulness,final_ease,final_representational_value,final_future_preference,trial_order,landmark_id,task_type,initial_density,first_user_selected_density,committed_density,density_sequence,switch_count,unique_levels_viewed,all_density_levels_clicked,selection_time_s,localization_time_s,time_empty_s,time_low_s,time_moderate_s,time_high_s,accuracy,aoi_distance,click_x,click_y,familiarity_visited,familiarity_visual,familiarity_spatial,rating_answer_confidence,rating_comparison_benefit,rating_control_usefulness,rating_ideal_density,rating_aesthetic_appeal,rating_expected_comfort,rating_self_location_imagery,rating_informational_adequacy,rating_representational_realism,review_selection_time_3iqr,review_localization_time_3iqr
P001_T1,P001,A2,A,2,18-34,yes,4,5,8.5,False,5,6,5,6,1,duomo,visit,empty,low,high,empty>low>moderate>high>low>empty>high>moderate>empty>low>moderate>high>low>high,13,4,1,28.465,,7.316,5.557,7.992,7.601,,,,,no,1,1,,,4,moderate,3.0,4.0,6.0,6.0,7.0,False,False
P001_T2,P001,A2,A,2,18-34,yes,4,5,8.5,False,5,6,5,6,2,colosseum,feature,moderate,high,high,moderate>high>low>empty>moderate>low>high,6,4,1,28.806,14.868,1.837,6.931,15.06,4.979,1.0,0.066,0.463,0.523,no,4,4,6.0,6.0,6,,,,,,,False,False
P001_T3,P001,A2,A,2,18-34,yes,4,5,8.5,False,5,6,5,6,3,cologne,visit,low,moderate,high,low>moderate>high>moderate>high>moderate>high,6,3,0,13.275,,0.0,4.524,3.562,5.189,,,,,no,1,1,,,5,moderate,4.0,3.0,6.0,6.0,7.0,False,False
P001_T4,P001,A2,A,2,18-34,yes,4,5,8.5,False,5,6,5,6,4,notre_dame,feature,high,moderate,high,high>moderate>low>high,3,3,0,13.354,54.027,0.0,2.512,1.856,8.986,1.0,0.09,0.539,0.433,no,4,4,7.0,4.0,3,,,,,,,False,True
P002_T1,P002,C3,C,3,35-64,no,3,6,16.3,False,7,7,6,7,1,duomo,feature,low,empty,high,low>empty>low>moderate>high,4,4,1,16.408,5.791,1.063,6.826,1.995,6.524,1.0,0.02,0.507,0.74,no,1,1,7.0,7.0,7,,,,,,,False,False
P002_T2,P002,C3,C,3,35-64,no,3,6,16.3,False,7,7,6,7,2,cologne,visit,empty,moderate,moderate,empty>moderate>high>moderate,3,3,0,27.906,,5.936,0.0,13.576,8.394,,,,,no,1,1,,,7,moderate,7.0,7.0,7.0,7.0,7.0,False,False
P002_T3,P002,C3,C,3,35-64,no,3,6,16.3,False,7,7,6,7,3,notre_dame,feature,moderate,moderate,moderate,moderate>empty>low>moderate,3,3,0,20.068,3.718,0.803,0.889,18.376,0.0,0.0,0.377,0.542,0.725,no,1,1,7.0,7.0,7,,,,,,,False,False
P002_T4,P002,C3,C,3,35-64,no,3,6,16.3,False,7,7,6,7,4,colosseum,visit,high,moderate,moderate,high>moderate,1,2,0,10.113,,0.0,0.0,3.397,6.716,,,,,no,1,1,,,7,moderate,7.0,7.0,7.0,7.0,7.0,False,False
P003_T1,P003,A3,A,3,18-34,yes,3,4,28.5,False,4,3,5,7,1,colosseum,feature,low,empty,low,low>empty>low>moderate>high>low,5,4,1,48.116,18.395,2.644,23.029,2.204,20.238,1.0,0.077,0.461,0.534,yes,7,7,5.0,3.0,3,,,,,,,False,False
P003_T2,P003,A3,A,3,18-34,yes,3,4,28.5,False,4,3,5,7,2,cologne,visit,empty,low,high,empty>low>empty>moderate>high,4,4,1,20.49,,6.777,2.023,2.957,8.733,,,,,no,4,4,,,4,empty,1.0,2.0,5.0,5.0,7.0,False,False
P003_T3,P003,A3,A,3,18-34,yes,3,4,28.5,False,4,3,5,7,3,notre_dame,feature,high,empty,empty,high>empty>low>moderate>high>empty,5,4,1,22.478,5.885,6.64,2.624,2.575,10.639,1.0,0.095,0.55,0.434,no,4,4,6.0,4.0,2,,,,,,,False,False
P003_T4,P003,A3,A,3,18-34,yes,3,4,28.5,False,4,3,5,7,4,duomo,visit,moderate,low,empty,moderate>low>empty>moderate>high>empty,5,4,1,29.74,,4.465,2.128,20.4,2.747,,,,,yes,6,4,,,2,low,7.0,5.0,4.0,4.0,2.0,False,False
P004_T1,P004,D4,D,4,35-64,no,3,1,229.7,False,6,6,6,6,1,cologne,feature,low,empty,low,low>empty>low>moderate>high>low,5,4,1,25.242,1.848,4.167,14.78,2.327,3.968,1.0,0.044,0.462,0.725,no,1,1,7.0,1.0,3,,,,,,,False,False
P004_T2,P004,D4,D,4,35-64,no,3,1,229.7,False,6,6,6,6,2,notre_dame,visit,empty,empty,low,empty>low>moderate>high>low,4,4,1,33.728,,10.24,15.672,2.672,5.144,,,,,no,3,2,,,2,low,3.0,5.0,6.0,3.0,2.0,False,False
P004_T3,P004,D4,D,4,35-64,no,3,1,229.7,False,6,6,6,6,3,colosseum,feature,high,empty,empty,high>empty,1,2,0,74.888,8.232,15.424,0.0,0.0,59.464,0.0,0.094,0.428,0.531,yes,6,4,1.0,3.0,3,,,,,,,True,False
P004_T4,P004,D4,D,4,35-64,no,3,1,229.7,False,6,6,6,6,4,duomo,visit,moderate,empty,moderate,moderate>empty>low>moderate>high>moderate,5,4,1,29.688,,1.984,1.695,8.641,17.368,,,,,no,1,1,,,3,low,3.0,3.0,4.0,3.0,3.0,False,False
P005_T1,P005,D1,D,1,18-34,no,1,5,9.6,False,4,5,6,5,1,notre_dame,visit,high,empty,high,high>empty>low>moderate>high,4,4,1,12.105,,0.502,0.51,0.465,10.628,,,,,no,3,1,,,5,low,3.0,1.0,5.0,4.0,5.0,False,False
P005_T2,P005,D1,D,1,18-34,no,1,5,9.6,False,4,5,6,5,2,colosseum,feature,empty,low,moderate,empty>low>moderate>high>empty>low>moderate>high>empty>low>moderate>high>moderate>low>empty>low>moderate>high>empty>low>moderate,20,4,1,31.252,6.42,15.381,4.552,4.11,7.209,0.0,0.208,0.404,0.652,no,5,1,2.0,2.0,3,,,,,,,False,False
P005_T3,P005,D1,D,1,18-34,no,1,5,9.6,False,4,5,6,5,3,duomo,visit,low,empty,high,low>empty>low>moderate>high>moderate>high>moderate>high,8,4,1,10.703,,0.405,2.471,2.638,5.189,,,,,no,1,1,,,5,low,4.0,2.0,5.0,5.0,5.0,False,False
P005_T4,P005,D1,D,1,18-34,no,1,5,9.6,False,4,5,6,5,4,cologne,feature,moderate,low,high,moderate>low>high>empty>low>moderate>high>moderate>low>empty>low>empty>low>moderate>high>moderate>high>moderate>high,18,4,1,15.03,1.033,1.522,3.652,4.43,5.427,1.0,0.053,0.452,0.741,no,1,1,4.0,5.0,5,,,,,,,False,False
P006_T1,P006,A4,A,4,35-64,yes,3,5,3.8,False,5,7,6,6,1,cologne,visit,high,low,moderate,high>low>moderate>empty>low>moderate>high>moderate,7,4,1,14.43,,1.16,2.268,7.468,3.534,,,,,no,2,2,,,3,moderate,4.0,3.0,4.0,5.0,5.0,False,False
P006_T2,P006,A4,A,4,35-64,yes,3,5,3.8,False,5,7,6,6,2,notre_dame,feature,low,empty,low,low>empty>low>moderate>high>low,5,4,1,5.56,1.724,0.5,3.868,0.5,0.692,1.0,0.096,0.537,0.441,no,4,4,6.0,3.0,3,,,,,,,False,False
P006_T3,P006,A4,A,4,35-64,yes,3,5,3.8,False,5,7,6,6,3,duomo,visit,empty,low,low,empty>low>moderate>high>low,4,4,0,4.372,,2.334,1.2,0.444,0.394,,,,,yes,6,6,,,6,low,5.0,5.0,6.0,5.0,6.0,False,False
P006_T4,P006,A4,A,4,35-64,yes,3,5,3.8,False,5,7,6,6,4,colosseum,feature,moderate,high,low,moderate>high>moderate>low>empty>moderate>low,6,4,1,6.316,7.816,0.54,1.436,3.919,0.421,0.0,0.088,0.428,0.522,no,3,3,6.0,5.0,4,,,,,,,False,False
P007_T1,P007,B2,B,2,18-34,no,3,5,6.1,False,7,7,7,7,1,duomo,feature,low,moderate,high,low>moderate>high,2,3,0,12.083,3.098,0.0,7.598,2.429,2.055,1.0,0.041,0.5,0.761,yes,4,4,5.0,6.0,6,,,,,,,False,False
P007_T2,P007,B2,B,2,18-34,no,3,5,6.1,False,7,7,7,7,2,colosseum,visit,high,moderate,moderate,high>moderate,1,2,0,6.646,,0.0,0.0,2.543,4.102,,,,,yes,6,3,,,7,low,6.0,7.0,6.0,6.0,6.0,False,False
P007_T3,P007,B2,B,2,18-34,no,3,5,6.1,False,7,7,7,7,3,cologne,feature,empty,empty,empty,empty,0,1,0,5.273,2.431,5.273,0.0,0.0,0.0,1.0,0.043,0.463,0.733,no,2,2,4.0,6.0,5,,,,,,,False,False
P007_T4,P007,B2,B,2,18-34,no,3,5,6.1,False,7,7,7,7,4,notre_dame,visit,moderate,low,empty,moderate>low>moderate>high>empty,4,4,1,14.198,,2.991,4.441,4.988,1.778,,,,,yes,5,4,,,6,low,6.0,6.0,6.0,6.0,6.0,False,False
P008_T1,P008,B3,B,3,18-34,yes,3,4,16.0,False,6,6,5,5,1,colosseum,visit,high,empty,moderate,high>empty>low>moderate>high>moderate>low>empty>low>moderate>high>moderate>high>low>moderate>high>moderate,16,4,1,30.851,,1.963,8.881,11.726,8.281,,,,,no,7,4,,,5,low,3.0,4.0,6.0,5.0,3.0,False,False
P008_T2,P008,B3,B,3,18-34,yes,3,4,16.0,False,6,6,5,5,2,cologne,feature,moderate,empty,moderate,moderate>empty>low>moderate>high>moderate,5,4,1,8.753,2.674,0.504,0.47,5.066,2.715,1.0,0.044,0.461,0.729,no,1,1,5.0,1.0,1,,,,,,,False,False
P008_T3,P008,B3,B,3,18-34,yes,3,4,16.0,False,6,6,5,5,3,notre_dame,visit,empty,low,moderate,empty>low>moderate>high>empty>low>moderate>high>empty>low>moderate>high>moderate,12,4,1,42.51,,25.67,2.508,4.056,10.276,,,,,no,4,2,,,4,low,3.0,4.0,6.0,5.0,5.0,False,False
P008_T4,P008,B3,B,3,18-34,yes,3,4,16.0,False,6,6,5,5,4,duomo,feature,low,empty,moderate,low>empty>low>moderate>high>moderate,5,4,1,11.772,1.451,0.98,3.962,3.704,3.126,1.0,0.02,0.502,0.74,no,2,1,6.0,1.0,1,,,,,,,False,False
P009_T1,P009,C4,C,4,18-34,no,2,4,11.8,False,2,3,2,2,1,cologne,visit,empty,low,moderate,empty>low>moderate>high>moderate>empty>low>moderate>high>moderate,9,4,1,25.591,,6.803,4.042,10.2,4.546,,,,,no,1,1,,,4,low,4.0,5.0,4.0,3.0,5.0,False,False
P009_T2,P009,C4,C,4,18-34,no,2,4,11.8,False,2,3,2,2,2,notre_dame,feature,moderate,empty,empty,moderate>empty>low>moderate>high>low>moderate>empty>low>moderate>high>empty,11,4,1,45.263,4.606,14.256,5.041,20.707,5.259,1.0,0.095,0.538,0.439,yes,3,3,7.0,1.0,1,,,,,,,False,False
P009_T3,P009,C4,C,4,18-34,no,2,4,11.8,False,2,3,2,2,3,colosseum,visit,high,empty,moderate,high>empty>low>moderate>high>moderate>high>moderate,7,4,1,20.55,,2.197,1.642,11.009,5.702,,,,,yes,4,4,,,2,low,3.0,5.0,4.0,2.0,4.0,False,False
P009_T4,P009,C4,C,4,18-34,no,2,4,11.8,False,2,3,2,2,4,duomo,feature,low,empty,empty,low>empty>moderate>high>low>empty>moderate>high>empty,8,4,1,20.257,1.8,6.03,4.957,2.94,6.33,1.0,0.02,0.501,0.74,yes,3,3,7.0,1.0,1,,,,,,,False,False
P010_T1,P010,A1,A,1,18-34,no,2,4,10.1,False,4,4,3,4,1,notre_dame,feature,moderate,empty,low,moderate>empty>low>moderate>high>low,5,4,1,14.765,1.156,0.576,2.077,8.697,3.416,1.0,0.093,0.54,0.436,no,1,1,7.0,4.0,3,,,,,,,False,False
P010_T2,P010,A1,A,1,18-34,no,2,4,10.1,False,4,4,3,4,2,duomo,visit,high,empty,low,high>empty>low>moderate>high>moderate>low,6,4,1,7.851,,0.559,2.231,1.315,3.746,,,,,no,1,1,,,4,low,4.0,3.0,4.0,3.0,4.0,False,False
P010_T3,P010,A1,A,1,18-34,no,2,4,10.1,False,4,4,3,4,3,colosseum,feature,low,empty,low,low>empty>low>moderate>high>low,5,4,1,13.988,1.516,0.496,11.728,0.588,1.176,0.0,0.203,0.549,0.269,no,1,1,1.0,2.0,1,,,,,,,False,False
P010_T4,P010,A1,A,1,18-34,no,2,4,10.1,False,4,4,3,4,4,cologne,visit,empty,low,low,empty>low>moderate>high>empty>low,5,4,1,7.77,,4.322,1.864,0.449,1.136,,,,,no,1,1,,,4,low,7.0,5.0,4.0,3.0,4.0,False,False
P011_T1,P011,A3,A,3,18-34,yes,2,5,8.6,False,6,6,5,5,1,colosseum,feature,high,low,moderate,high>low>moderate,2,3,0,12.564,16.787,0.0,1.178,4.025,7.351,1.0,0.069,0.463,0.526,no,1,1,4.0,5.0,1,,,,,,,False,False
P011_T2,P011,A3,A,3,18-34,yes,2,5,8.6,False,6,6,5,5,2,cologne,visit,moderate,high,high,moderate>high>low>high,3,3,0,19.848,,0.0,3.51,6.573,9.764,,,,,no,1,1,,,4,low,6.0,6.0,5.0,4.0,5.0,False,False
P011_T3,P011,A3,A,3,18-34,yes,2,5,8.6,False,6,6,5,5,3,notre_dame,feature,low,low,low,low>moderate>low>moderate>low,4,2,0,17.55,7.143,0.0,12.474,5.076,0.0,1.0,0.101,0.54,0.444,no,1,1,6.0,5.0,5,,,,,,,False,False
P011_T4,P011,A3,A,3,18-34,yes,2,5,8.6,False,6,6,5,5,4,duomo,visit,empty,high,moderate,empty>high>low>moderate,3,4,0,11.2,,6.688,0.965,2.197,1.351,,,,,no,1,1,,,4,moderate,5.0,5.0,4.0,3.0,4.0,False,False
P012_T1,P012,D2,D,2,18-34,yes,1,6,7.2,False,6,6,6,7,1,colosseum,feature,moderate,low,empty,moderate>low>empty>moderate>high>low>empty>low>moderate>empty,9,4,1,40.808,7.216,10.545,2.271,16.32,11.672,1.0,0.07,0.466,0.529,yes,7,6,6.0,7.0,4,,,,,,,False,False
P012_T2,P012,D2,D,2,18-34,yes,1,6,7.2,False,6,6,6,7,2,duomo,visit,high,empty,high,high>empty>low>moderate>high,4,4,1,10.288,,0.464,2.336,0.632,6.856,,,,,no,6,4,,,5,low,4.0,1.0,5.0,2.0,2.0,False,False
P012_T3,P012,D2,D,2,18-34,yes,1,6,7.2,False,6,6,6,7,3,cologne,feature,low,moderate,empty,low>moderate>high>empty,3,4,0,9.608,3.416,3.432,5.216,0.496,0.464,1.0,0.099,0.461,0.649,no,6,3,6.0,6.0,6,,,,,,,False,False
P012_T4,P012,D2,D,2,18-34,yes,1,6,7.2,False,6,6,6,7,4,notre_dame,visit,empty,low,high,empty>low>moderate>high,3,4,0,13.92,,2.824,4.184,0.656,6.256,,,,,no,6,4,,,6,low,3.0,1.0,5.0,5.0,6.0,False,False
P013_T1,P013,C3,C,3,35-64,no,1,3,5.5,True,5,4,5,5,1,duomo,feature,empty,low,moderate,empty>low>moderate>high>moderate>low>moderate>low>moderate>low>moderate>low>moderate,12,4,0,13.905,4.14,3.045,3.637,5.917,1.305,1.0,0.041,0.502,0.761,no,1,1,5.0,2.0,5,,,,,,,False,False
P013_T2,P013,C3,C,3,35-64,no,1,3,5.5,True,5,4,5,5,2,cologne,visit,moderate,empty,moderate,moderate>empty>low>moderate>high>moderate>high>moderate,7,4,1,9.727,,1.23,1.485,5.571,1.441,,,,,no,1,1,,,4,low,2.0,4.0,6.0,5.0,5.0,False,False
P013_T3,P013,C3,C,3,35-64,no,1,3,5.5,True,5,4,5,5,3,notre_dame,feature,low,empty,empty,low>empty>low>moderate>high>low>empty,6,4,1,5.355,4.695,1.304,2.842,0.638,0.57,0.0,0.139,0.534,0.486,no,1,1,7.0,4.0,2,,,,,,,False,False
P013_T4,P013,C3,C,3,35-64,no,1,3,5.5,True,5,4,5,5,4,colosseum,visit,high,empty,empty,high>empty>low>moderate>high>empty,5,4,1,6.458,,1.41,0.45,0.405,4.192,,,,,no,3,2,,,6,low,4.0,6.0,6.0,5.0,6.0,False,False
P014_T1,P014,B3,B,3,18-34,yes,1,4,5.5,False,7,7,7,7,1,colosseum,visit,moderate,high,moderate,moderate>high>moderate,2,2,0,17.464,,0.0,0.0,16.184,1.28,,,,,no,7,6,,,7,moderate,7.0,7.0,7.0,7.0,7.0,False,False
P014_T2,P014,B3,B,3,18-34,yes,1,4,5.5,False,7,7,7,7,2,cologne,feature,low,moderate,high,low>moderate>high>moderate>high,4,3,0,6.504,7.992,0.0,1.904,1.512,3.088,1.0,0.044,0.463,0.726,no,4,4,7.0,7.0,7,,,,,,,False,False
P014_T3,P014,B3,B,3,18-34,yes,1,4,5.5,False,7,7,7,7,3,notre_dame,visit,empty,moderate,high,empty>moderate>low>high>moderate>high,5,4,0,9.48,,4.392,0.552,2.072,2.463,,,,,no,3,3,,,7,high,7.0,7.0,7.0,7.0,7.0,False,False
P014_T4,P014,B3,B,3,18-34,yes,1,4,5.5,False,7,7,7,7,4,duomo,feature,high,moderate,high,high>moderate>high,2,2,0,6.888,5.808,0.0,0.0,0.807,6.081,1.0,0.041,0.501,0.761,no,3,3,7.0,7.0,7,,,,,,,False,False
P015_T1,P015,D2,D,2,18-34,no,2,6,17.9,True,6,7,5,7,1,colosseum,feature,empty,low,moderate,empty>low>moderate>high>empty>low>moderate>high>moderate>high>moderate,10,4,1,41.386,10.62,11.776,1.095,12.397,16.118,1.0,0.057,0.526,0.513,no,5,5,4.0,4.0,3,,,,,,,False,False
P015_T2,P015,D2,D,2,18-34,no,2,6,17.9,True,6,7,5,7,2,duomo,visit,low,moderate,moderate,low>moderate>high>moderate>high>moderate>low>empty>low>moderate>high>moderate>low>moderate>low>moderate,15,4,1,27.22,,0.555,13.299,10.367,2.999,,,,,no,1,1,,,3,low,6.0,6.0,5.0,3.0,2.0,False,False
P015_T3,P015,D2,D,2,18-34,no,2,6,17.9,True,6,7,5,7,3,cologne,feature,high,moderate,low,high>moderate>low>empty>low,4,4,0,10.237,1.681,1.493,2.676,0.495,5.573,1.0,0.047,0.458,0.732,no,1,1,5.0,6.0,6,,,,,,,False,False
P015_T4,P015,D2,D,2,18-34,no,2,6,17.9,True,6,7,5,7,4,notre_dame,visit,moderate,low,low,moderate>low>empty>low>moderate>high>moderate>low>moderate>low,9,4,1,19.936,,0.952,3.563,14.461,0.96,,,,,no,5,3,,,3,low,6.0,6.0,5.0,3.0,5.0,False,False
P016_T1,P016,D2,D,2,18-34,no,2,3,10.7,False,7,7,7,7,1,colosseum,feature,moderate,empty,high,moderate>empty>low>moderate>high>moderate>low>empty>low>moderate>high,10,4,1,12.406,18.271,2.189,1.762,5.169,3.286,1.0,0.054,0.534,0.427,no,1,1,7.0,7.0,7,,,,,,,False,False
P016_T2,P016,D2,D,2,18-34,no,2,3,10.7,False,7,7,7,7,2,duomo,visit,high,empty,low,high>empty>low,2,3,0,15.09,,0.771,1.343,0.0,12.976,,,,,no,1,1,,,7,moderate,6.0,6.0,4.0,4.0,5.0,False,False
P016_T3,P016,D2,D,2,18-34,no,2,3,10.7,False,7,7,7,7,3,cologne,feature,low,low,low,low,0,1,0,2.76,5.4,0.0,2.76,0.0,0.0,1.0,0.043,0.464,0.727,no,1,1,7.0,7.0,7,,,,,,,False,False
P016_T4,P016,D2,D,2,18-34,no,2,3,10.7,False,7,7,7,7,4,notre_dame,visit,empty,high,high,empty>high,1,2,0,10.343,,8.303,0.0,0.0,2.04,,,,,no,1,1,,,6,high,5.0,7.0,6.0,5.0,5.0,False,False
P017_T1,P017,B2,B,2,35-64,no,4,2,8.5,False,7,7,7,7,1,duomo,feature,moderate,moderate,moderate,moderate,0,1,0,5.453,4.89,0.0,0.0,5.453,0.0,0.0,0.19,0.577,0.545,no,3,4,7.0,7.0,7,,,,,,,False,False
P017_T2,P017,B2,B,2,35-64,no,4,2,8.5,False,7,7,7,7,2,colosseum,visit,high,high,high,high,0,1,0,6.728,,0.0,0.0,0.0,6.728,,,,,yes,5,4,,,7,low,7.0,7.0,7.0,7.0,7.0,False,False
P017_T3,P017,B2,B,2,35-64,no,4,2,8.5,False,7,7,7,7,3,cologne,feature,empty,empty,empty,empty,0,1,0,9.038,4.027,9.038,0.0,0.0,0.0,0.0,0.535,0.862,0.339,yes,5,3,7.0,7.0,7,,,,,,,False,False
P017_T4,P017,B2,B,2,35-64,no,4,2,8.5,False,7,7,7,7,4,notre_dame,visit,low,low,low,low,0,1,0,4.928,,0.0,4.928,0.0,0.0,,,,,yes,3,4,,,7,empty,7.0,7.0,7.0,7.0,7.0,False,False
P018_T1,P018,D2,D,2,18-34,yes,3,3,8.3,False,4,4,5,4,1,colosseum,feature,moderate,empty,low,moderate>empty>moderate>low,3,3,0,6.891,14.281,1.868,1.453,3.57,0.0,0.0,0.19,0.536,0.279,no,3,3,5.0,4.0,5,,,,,,,False,False
P018_T2,P018,D2,D,2,18-34,yes,3,3,8.3,False,4,4,5,4,2,duomo,visit,low,low,low,low,0,1,0,4.082,,0.0,4.082,0.0,0.0,,,,,no,3,3,,,4,moderate,4.0,4.0,4.0,4.0,4.0,False,False
P018_T3,P018,D2,D,2,18-34,yes,3,3,8.3,False,4,4,5,4,3,cologne,feature,empty,low,low,empty>low,1,2,0,5.488,14.506,4.093,1.395,0.0,0.0,1.0,0.045,0.46,0.733,yes,4,5,3.0,4.0,4,,,,,,,False,False
P018_T4,P018,D2,D,2,18-34,yes,3,3,8.3,False,4,4,5,4,4,notre_dame,visit,high,high,high,high,0,1,0,3.113,,0.0,0.0,0.0,3.113,,,,,no,3,2,,,3,moderate,4.0,5.0,7.0,3.0,5.0,False,False
P019_T1,P019,D3,D,3,35-64,no,4,3,2.9,False,6,4,6,5,1,duomo,visit,high,empty,high,high>empty>low>moderate>high>low>empty>low>moderate>high>moderate>high,11,4,1,7.043,,0.945,1.329,0.749,4.02,,,,,no,3,2,,,6,high,7.0,7.0,7.0,7.0,7.0,False,False
P019_T2,P019,D3,D,3,35-64,no,4,3,2.9,False,6,4,6,5,2,cologne,feature,low,empty,high,low>empty>low>moderate>high,4,4,1,3.997,3.9,0.383,1.867,0.307,1.44,1.0,0.049,0.462,0.716,no,2,2,7.0,3.0,6,,,,,,,False,False
P019_T3,P019,D3,D,3,35-64,no,4,3,2.9,False,6,4,6,5,3,notre_dame,visit,moderate,empty,moderate,moderate>empty>low>moderate>high>empty>low>moderate,7,4,1,7.41,,0.907,1.447,3.967,1.089,,,,,yes,6,4,,,6,moderate,4.0,6.0,7.0,6.0,6.0,False,False
P019_T4,P019,D3,D,3,35-64,no,4,3,2.9,False,6,4,6,5,4,colosseum,feature,empty,low,low,empty>low>moderate>high>low,4,4,0,9.166,10.47,2.469,2.813,1.208,2.677,0.0,0.093,0.404,0.484,no,6,4,4.0,3.0,3,,,,,,,False,False
P020_T1,P020,C1,C,1,18-34,no,3,4,7.2,False,6,6,6,6,1,notre_dame,feature,low,empty,high,low>empty>low>moderate>high,4,4,1,12.485,4.354,0.886,8.265,1.211,2.124,0.0,0.426,0.574,0.77,no,3,3,4.0,6.0,6,,,,,,,False,False
P020_T2,P020,C1,C,1,18-34,no,3,4,7.2,False,6,6,6,6,2,colosseum,visit,high,empty,high,high>empty>low>moderate>high,4,4,1,8.667,,1.388,1.277,1.225,4.777,,,,,no,5,3,,,6,high,6.0,6.0,6.0,6.0,6.0,False,False
P020_T3,P020,C1,C,1,18-34,no,3,4,7.2,False,6,6,6,6,3,duomo,feature,moderate,empty,high,moderate>empty>low>moderate>high,4,4,1,10.565,3.582,3.381,1.427,3.91,1.846,0.0,0.137,0.417,0.824,no,5,4,6.0,6.0,6,,,,,,,False,False
P020_T4,P020,C1,C,1,18-34,no,3,4,7.2,False,6,6,6,6,4,cologne,visit,empty,low,high,empty>low>moderate>high,3,4,0,7.19,,3.2,0.973,1.081,1.935,,,,,no,1,1,,,6,high,6.0,6.0,6.0,6.0,6.0,False,False
P021_T1,P021,D1,D,1,18-34,yes,2,7,16.7,True,7,7,7,5,1,notre_dame,visit,empty,low,empty,empty>low>moderate>high>empty>low>empty,6,4,1,33.662,,16.022,5.864,2.13,9.646,,,,,no,5,5,,,7,low,7.0,7.0,7.0,4.0,1.0,False,False
P021_T2,P021,D1,D,1,18-34,yes,2,7,16.7,True,7,7,7,5,2,colosseum,feature,moderate,empty,empty,moderate>empty,1,2,0,51.625,23.425,32.595,0.0,19.03,0.0,0.0,0.094,0.425,0.527,no,4,4,3.0,7.0,4,,,,,,,False,False
P021_T3,P021,D1,D,1,18-34,yes,2,7,16.7,True,7,7,7,5,3,duomo,visit,low,empty,high,low>empty>low>moderate>high,4,4,1,6.547,,0.855,3.623,0.704,1.365,,,,,no,1,1,,,3,low,1.0,1.0,7.0,2.0,7.0,False,False
P021_T4,P021,D1,D,1,18-34,yes,2,7,16.7,True,7,7,7,5,4,cologne,feature,high,empty,empty,high>empty>low>moderate>high>empty,5,4,1,8.873,7.427,3.352,0.593,0.547,4.381,1.0,0.048,0.459,0.724,no,1,1,7.0,7.0,7,,,,,,,False,False
P022_T1,P022,A1,A,1,18-34,no,3,6,9.5,True,6,6,6,6,1,notre_dame,feature,empty,low,low,empty>low>moderate>low>high>moderate>low>empty>low,8,4,1,8.175,99.362,3.12,3.242,1.393,0.42,0.0,0.169,0.542,0.185,yes,5,4,4.0,6.0,6,,,,,,,False,False
P022_T2,P022,A1,A,1,18-34,no,3,6,9.5,True,6,6,6,6,2,duomo,visit,low,moderate,low,low>moderate>high>low>empty>low>moderate>high>low,8,4,1,8.408,,0.6,5.677,0.992,1.139,,,,,no,1,1,,,6,low,6.0,6.0,6.0,6.0,6.0,False,False
P022_T3,P022,A1,A,1,18-34,no,3,6,9.5,True,6,6,6,6,3,colosseum,feature,moderate,low,low,moderate>low>empty>high>low,4,4,0,6.068,23.258,1.027,1.426,2.926,0.69,0.0,0.174,0.417,0.62,no,4,4,4.0,6.0,6,,,,,,,False,False
P022_T4,P022,A1,A,1,18-34,no,3,6,9.5,True,6,6,6,6,4,cologne,visit,high,low,low,high>low,1,2,0,4.68,,0.0,1.507,0.0,3.172,,,,,no,1,1,,,6,low,6.0,6.0,6.0,6.0,6.0,False,False
P023_T1,P023,B4,B,4,18-34,yes,3,4,4.5,False,5,5,5,5,1,cologne,feature,high,moderate,moderate,high>moderate>high>moderate,3,2,0,9.817,5.601,0.0,0.0,4.138,5.679,1.0,0.046,0.461,0.724,no,4,4,7.0,7.0,7,,,,,,,False,False
P023_T2,P023,B4,B,4,18-34,yes,3,4,4.5,False,5,5,5,5,2,notre_dame,visit,moderate,moderate,moderate,moderate,0,1,0,4.087,,0.0,0.0,4.087,0.0,,,,,no,4,4,,,4,low,4.0,4.0,5.0,5.0,3.0,False,False
P023_T3,P023,B4,B,4,18-34,yes,3,4,4.5,False,5,5,5,5,3,duomo,feature,low,low,low,low,0,1,0,1.674,6.483,0.0,1.674,0.0,0.0,1.0,0.046,0.502,0.766,no,4,4,7.0,7.0,7,,,,,,,False,False
P023_T4,P023,B4,B,4,18-34,yes,3,4,4.5,False,5,5,5,5,4,colosseum,visit,empty,empty,empty,empty,0,1,0,1.567,,1.567,0.0,0.0,0.0,,,,,no,4,4,,,5,moderate,5.0,5.0,5.0,5.0,5.0,False,False
P024_T1,P024,C2,C,2,18-34,no,2,5,9.9,False,5,4,3,6,1,colosseum,visit,moderate,empty,moderate,moderate>empty>low>moderate>high>moderate>low>empty>low>moderate,9,4,1,40.2,,4.478,7.082,14.675,13.965,,,,,no,2,1,,,3,moderate,5.0,3.0,2.0,2.0,3.0,False,False
P024_T2,P024,C2,C,2,18-34,no,2,5,9.9,False,5,4,3,6,2,duomo,feature,low,moderate,moderate,low>moderate,1,2,0,31.594,11.333,0.0,27.034,4.56,0.0,0.0,0.601,0.451,0.121,no,1,1,6.0,4.0,5,,,,,,,False,False
P024_T3,P024,C2,C,2,18-34,no,2,5,9.9,False,5,4,3,6,3,cologne,visit,empty,moderate,moderate,empty>moderate,1,2,0,19.494,,4.682,0.0,14.812,0.0,,,,,no,1,1,,,6,low,3.0,5.0,4.0,4.0,5.0,False,False
P024_T4,P024,C2,C,2,18-34,no,2,5,9.9,False,5,4,3,6,4,notre_dame,feature,high,moderate,moderate,high>moderate,1,2,0,21.098,1.77,0.0,0.0,9.615,11.483,1.0,0.093,0.523,0.441,no,2,1,5.0,4.0,6,,,,,,,False,False
P025_T1,P025,B1,B,1,18-34,yes,2,4,6.9,False,7,7,7,7,1,notre_dame,visit,low,moderate,low,low>moderate>high>empty>low>moderate>high>low>moderate>low,9,4,1,27.216,,1.864,17.694,4.358,3.3,,,,,no,3,3,,,6,low,6.0,4.0,4.0,5.0,6.0,False,False
P025_T2,P025,B1,B,1,18-34,yes,2,4,6.9,False,7,7,7,7,2,duomo,feature,high,empty,low,high>empty>low>moderate>high>low,5,4,1,21.606,6.694,1.864,4.273,2.376,13.093,1.0,0.036,0.502,0.756,no,3,3,4.0,6.0,6,,,,,,,False,False
P025_T3,P025,B1,B,1,18-34,yes,2,4,6.9,False,7,7,7,7,3,colosseum,visit,moderate,high,moderate,moderate>high>low>empty>low>moderate,5,4,1,18.705,,1.45,3.506,9.963,3.786,,,,,no,2,2,,,5,low,6.0,3.0,5.0,4.0,6.0,False,False
P025_T4,P025,B1,B,1,18-34,yes,2,4,6.9,False,7,7,7,7,4,cologne,feature,empty,high,low,empty>high>moderate>low>empty>high>moderate>low,7,4,1,13.826,3.912,6.716,2.274,1.402,3.434,1.0,0.044,0.463,0.724,no,2,2,4.0,5.0,5,,,,,,,False,False
P026_T1,P026,A3,A,3,18-34,no,1,3,9.1,True,6,6,6,6,1,colosseum,feature,moderate,empty,empty,moderate>empty>low>moderate>high>empty,5,4,1,18.803,4.959,8.423,1.71,6.848,1.822,0.0,0.119,0.496,0.584,no,5,2,2.0,6.0,6,,,,,,,False,False
P026_T2,P026,A3,A,3,18-34,no,1,3,9.1,True,6,6,6,6,2,cologne,visit,high,empty,empty,high>empty>low>moderate>high>empty,5,4,1,12.578,,4.957,1.702,1.515,4.404,,,,,no,1,1,,,6,empty,7.0,6.0,6.0,6.0,1.0,False,False
P026_T3,P026,A3,A,3,18-34,no,1,3,9.1,True,6,6,6,6,3,notre_dame,feature,low,moderate,high,low>moderate>high,2,3,0,21.538,2.835,0.0,19.453,0.84,1.245,1.0,0.083,0.534,0.428,no,4,2,5.0,2.0,6,,,,,,,False,False
P026_T4,P026,A3,A,3,18-34,no,1,3,9.1,True,6,6,6,6,4,duomo,visit,empty,low,empty,empty>low>moderate>high>empty,4,4,1,8.446,,5.956,1.133,0.57,0.787,,,,,no,3,2,,,6,empty,7.0,6.0,6.0,6.0,1.0,False,False
P027_T1,P027,B4,B,4,18-34,yes,3,5,14.0,False,7,7,7,7,1,cologne,feature,empty,low,high,empty>low>moderate>high>empty>high,5,4,1,23.711,2.611,9.488,1.601,1.426,11.196,1.0,0.045,0.46,0.738,no,1,1,7.0,7.0,7,,,,,,,False,False
P027_T2,P027,B4,B,4,18-34,yes,3,5,14.0,False,7,7,7,7,2,notre_dame,visit,low,empty,empty,low>empty>low>moderate>high>empty,5,4,1,17.219,,5.496,6.131,1.833,3.759,,,,,no,2,2,,,7,low,7.0,7.0,7.0,1.0,1.0,False,False
P027_T3,P027,B4,B,4,18-34,yes,3,5,14.0,False,7,7,7,7,3,duomo,feature,moderate,empty,empty,moderate>empty>low>moderate>high>empty>high>empty,7,4,1,38.726,3.052,10.626,1.361,6.699,20.04,1.0,0.026,0.501,0.745,no,1,1,7.0,7.0,7,,,,,,,False,False
P027_T4,P027,B4,B,4,18-34,yes,3,5,14.0,False,7,7,7,7,4,colosseum,visit,high,high,high,high,0,1,0,6.64,,0.0,0.0,0.0,6.64,,,,,no,6,4,,,7,empty,1.0,1.0,7.0,7.0,7.0,False,False
P028_T1,P028,C1,C,1,35-64,no,2,4,147.1,False,4,4,5,5,1,notre_dame,feature,moderate,empty,moderate,moderate>empty>low>moderate>high>moderate,5,4,1,9.826,8.826,0.95,1.221,6.767,0.888,1.0,0.104,0.548,0.444,no,3,1,4.0,4.0,4,,,,,,,False,False
P028_T2,P028,C1,C,1,35-64,no,2,4,147.1,False,4,4,5,5,2,colosseum,visit,high,moderate,moderate,high>moderate>low>empty>moderate,4,4,0,6.83,,1.048,0.938,2.48,2.364,,,,,no,3,1,,,4,moderate,4.0,5.0,4.0,4.0,4.0,False,False
P028_T3,P028,C1,C,1,35-64,no,2,4,147.1,False,4,4,5,5,3,duomo,feature,low,moderate,moderate,low>moderate>high>empty>low>moderate,5,4,1,9.98,3.259,0.764,3.473,4.019,1.724,1.0,0.017,0.504,0.737,no,1,1,5.0,4.0,5,,,,,,,False,False
P028_T4,P028,C1,C,1,35-64,no,2,4,147.1,False,4,4,5,5,4,cologne,visit,empty,low,moderate,empty>low>moderate>high>moderate,4,4,0,9.47,,2.131,2.117,2.512,2.71,,,,,no,1,1,,,4,moderate,4.0,5.0,4.0,3.0,3.0,False,False
P029_T1,P029,B2,B,2,18-34,no,2,5,8.0,True,7,7,7,7,1,duomo,feature,high,empty,high,high>empty>low>moderate>high,4,4,1,4.736,19.384,0.265,0.264,0.288,3.92,1.0,0.039,0.497,0.759,no,4,3,7.0,7.0,7,,,,,,,False,False
P029_T2,P029,B2,B,2,18-34,no,2,5,8.0,True,7,7,7,7,2,colosseum,visit,moderate,empty,high,moderate>empty>low>high>moderate>high,5,4,1,6.129,,0.312,0.312,2.704,2.801,,,,,no,3,3,,,7,high,7.0,7.0,5.0,7.0,7.0,False,False
P029_T3,P029,B2,B,2,18-34,no,2,5,8.0,True,7,7,7,7,3,cologne,feature,empty,low,high,empty>low>moderate>high,3,4,0,4.152,5.352,2.289,0.271,0.32,1.272,1.0,0.047,0.458,0.735,no,2,3,7.0,7.0,7,,,,,,,False,False
P029_T4,P029,B2,B,2,18-34,no,2,5,8.0,True,7,7,7,7,4,notre_dame,visit,low,empty,high,low>empty>low>moderate>high,4,4,1,3.665,,0.256,1.93,0.271,1.208,,,,,no,2,3,,,7,high,7.0,7.0,7.0,7.0,7.0,False,False
P030_T1,P030,B3,B,3,35-64,yes,4,6,7.1,False,7,7,4,7,1,colosseum,visit,moderate,empty,empty,moderate>empty>low>moderate>high>low>empty,6,4,1,12.357,,2.474,1.016,7.795,1.071,,,,,no,4,4,,,1,empty,6.0,7.0,5.0,5.0,6.0,False,False
P030_T2,P030,B3,B,3,35-64,yes,4,6,7.1,False,7,7,4,7,2,cologne,feature,low,empty,empty,low>empty>low>moderate>high>empty>low>moderate>high>empty,9,4,1,19.566,3.35,1.919,6.254,1.243,10.151,1.0,0.038,0.468,0.745,no,1,1,7.0,1.0,1,,,,,,,False,False
P030_T3,P030,B3,B,3,35-64,yes,4,6,7.1,False,7,7,4,7,3,notre_dame,visit,empty,low,empty,empty>low>moderate>high>low>empty>low>moderate>high>empty,9,4,1,14.282,,7.768,1.283,1.236,3.995,,,,,no,4,4,,,1,empty,6.0,7.0,5.0,5.0,2.0,False,False
P030_T4,P030,B3,B,3,35-64,yes,4,6,7.1,False,7,7,4,7,4,duomo,feature,high,moderate,empty,high>moderate>low>empty>low>moderate>high>moderate>low>empty,9,4,1,10.586,2.15,3.866,1.343,1.459,3.917,1.0,0.066,0.496,0.785,no,4,3,5.0,7.0,1,,,,,,,False,False
P031_T1,P031,A1,A,1,18-34,yes,3,2,7.6,False,5,6,6,3,1,notre_dame,feature,empty,low,moderate,empty>low>moderate>high>moderate>low>empty>moderate,7,4,1,23.051,3.366,9.942,2.249,7.716,3.144,1.0,0.084,0.534,0.429,no,1,1,6.0,4.0,4,,,,,,,False,False
P031_T2,P031,A1,A,1,18-34,yes,3,2,7.6,False,5,6,6,3,2,duomo,visit,high,empty,empty,high>empty>low>moderate>high>moderate>low>empty>low>empty,9,4,1,23.027,,3.469,7.394,2.6,9.565,,,,,no,2,2,,,6,low,6.0,6.0,6.0,5.0,6.0,False,False
P031_T3,P031,A1,A,1,18-34,yes,3,2,7.6,False,5,6,6,3,3,colosseum,feature,moderate,high,low,moderate>high>empty>low,3,4,0,27.001,18.101,1.1,3.1,20.708,2.094,1.0,0.064,0.494,0.529,no,3,3,5.0,5.0,4,,,,,,,False,False
P031_T4,P031,A1,A,1,18-34,yes,3,2,7.6,False,5,6,6,3,4,cologne,visit,low,moderate,moderate,low>moderate,1,2,0,7.723,,0.0,6.557,1.166,0.0,,,,,no,3,3,,,5,moderate,5.0,5.0,6.0,6.0,6.0,False,False
P032_T1,P032,C2,C,2,18-34,no,3,6,6.3,False,7,7,7,7,1,colosseum,visit,low,empty,high,low>empty>low>moderate>high,4,4,1,8.776,,1.28,5.856,0.513,1.127,,,,,no,7,7,,,6,low,3.0,1.0,5.0,5.0,7.0,False,False
P032_T2,P032,C2,C,2,18-34,no,3,6,6.3,False,7,7,7,7,2,duomo,feature,empty,low,high,empty>low>moderate>empty>high,4,4,1,4.12,11.144,2.208,0.401,0.607,0.904,1.0,0.074,0.502,0.794,no,5,2,7.0,6.0,7,,,,,,,False,False
P032_T3,P032,C2,C,2,18-34,no,3,6,6.3,False,7,7,7,7,3,cologne,visit,moderate,empty,high,moderate>empty>low>moderate>high,4,4,1,4.537,,0.36,0.442,2.407,1.328,,,,,no,5,4,,,4,low,7.0,3.0,7.0,6.0,5.0,False,False
P032_T4,P032,C2,C,2,18-34,no,3,6,6.3,False,7,7,7,7,4,notre_dame,feature,high,empty,high,high>empty>low>moderate>high,4,4,1,3.968,4.792,0.456,0.584,0.384,2.544,1.0,0.091,0.535,0.436,no,4,3,7.0,7.0,1,,,,,,,False,False
P033_T1,P033,A3,A,3,35-64,no,1,5,10.1,False,5,5,5,5,1,colosseum,feature,high,empty,high,high>empty>low>moderate>high,4,4,1,17.551,3.165,2.94,2.887,3.503,8.221,0.0,0.162,0.504,0.626,no,1,1,3.0,5.0,5,,,,,,,False,False
P033_T2,P033,A3,A,3,35-64,no,1,5,10.1,False,5,5,5,5,2,cologne,visit,moderate,empty,high,moderate>empty>low>moderate>high,4,4,1,14.813,,3.608,2.738,5.422,3.045,,,,,no,1,1,,,5,empty,5.0,5.0,5.0,5.0,5.0,False,False
P033_T3,P033,A3,A,3,35-64,no,1,5,10.1,False,5,5,5,5,3,notre_dame,feature,empty,empty,high,empty>low>moderate>high,3,4,1,13.238,13.118,3.908,3.585,2.617,3.128,0.0,0.117,0.541,0.462,no,1,1,4.0,5.0,5,,,,,,,False,False
P033_T4,P033,A3,A,3,35-64,no,1,5,10.1,False,5,5,5,5,4,duomo,visit,low,empty,empty,low>empty,1,2,0,8.131,,2.205,5.926,0.0,0.0,,,,,no,1,1,,,5,empty,5.0,5.0,5.0,5.0,5.0,False,False
P034_T1,P034,B1,B,1,35-64,no,3,5,8.5,False,5,5,4,6,1,notre_dame,visit,empty,empty,high,empty>low>moderate>high,3,4,1,12.9,,8.04,1.455,1.38,2.025,,,,,no,1,1,,,3,low,4.0,2.0,5.0,3.0,5.0,False,False
P034_T2,P034,B1,B,1,35-64,no,3,5,8.5,False,5,5,4,6,2,duomo,feature,high,low,empty,high>low>moderate>high>empty,4,4,1,16.875,6.398,2.19,2.265,1.815,10.605,1.0,0.058,0.5,0.777,no,1,1,6.0,4.0,5,,,,,,,False,False
P034_T3,P034,B1,B,1,35-64,no,3,5,8.5,False,5,5,4,6,3,colosseum,visit,low,moderate,empty,low>moderate>low>high>empty,4,4,1,13.253,,1.553,7.981,1.943,1.777,,,,,yes,5,3,,,5,low,4.0,2.0,5.0,5.0,5.0,False,False
P034_T4,P034,B1,B,1,35-64,no,3,5,8.5,False,5,5,4,6,4,cologne,feature,moderate,low,high,moderate>low>empty>moderate>high,4,4,1,11.648,6.322,1.86,1.777,6.938,1.073,1.0,0.04,0.466,0.731,yes,5,4,6.0,4.0,5,,,,,,,False,False
P035_T1,P035,B1,B,1,18-34,yes,2,1,10.1,False,7,7,7,7,1,notre_dame,visit,high,empty,moderate,high>empty>low>moderate>high>moderate,5,4,1,19.627,,3.998,4.253,5.955,5.422,,,,,no,4,3,,,7,moderate,6.0,5.0,6.0,6.0,7.0,False,False
P035_T2,P035,B1,B,1,18-34,yes,2,1,10.1,False,7,7,7,7,2,duomo,feature,moderate,empty,moderate,moderate>empty>low>moderate>high>moderate,5,4,1,14.379,8.97,1.344,1.8,7.8,3.435,1.0,0.017,0.504,0.737,no,2,1,3.0,6.0,5,,,,,,,False,False
P035_T3,P035,B1,B,1,18-34,yes,2,1,10.1,False,7,7,7,7,3,colosseum,visit,low,empty,low,low>empty>low>moderate>high>moderate>low,6,4,1,19.253,,2.414,9.867,4.048,2.925,,,,,no,7,3,,,7,low,7.0,5.0,6.0,5.0,6.0,False,False
P035_T4,P035,B1,B,1,18-34,yes,2,1,10.1,False,7,7,7,7,4,cologne,feature,empty,low,moderate,empty>low>empty>moderate>high>low>moderate,6,4,1,19.439,12.557,6.303,4.506,3.679,4.951,1.0,0.045,0.46,0.736,no,5,3,3.0,6.0,6,,,,,,,False,False
P036_T1,P036,A4,A,4,18-34,yes,3,7,7.5,False,7,7,7,7,1,cologne,visit,high,empty,high,high>empty>low>moderate>high,4,4,1,12.798,,1.662,3.207,1.104,6.825,,,,,no,1,1,,,7,low,7.0,1.0,7.0,7.0,7.0,False,False
P036_T2,P036,A4,A,4,18-34,yes,3,7,7.5,False,7,7,7,7,2,notre_dame,feature,empty,high,moderate,empty>high>moderate>low>empty>moderate,5,4,1,21.152,3.993,12.191,1.23,6.738,0.993,1.0,0.094,0.536,0.439,no,7,3,5.0,5.0,6,,,,,,,False,False
P036_T3,P036,A4,A,4,18-34,yes,3,7,7.5,False,7,7,7,7,3,duomo,visit,moderate,high,low,moderate>high>empty>low>moderate>high>moderate>low,7,4,1,34.146,,0.676,22.443,8.489,2.538,,,,,no,1,1,,,7,moderate,7.0,5.0,6.0,5.0,6.0,False,False
P036_T4,P036,A4,A,4,18-34,yes,3,7,7.5,False,7,7,7,7,4,colosseum,feature,low,empty,moderate,low>empty>low>moderate>high>moderate>high>moderate,7,4,1,42.629,4.473,1.313,13.654,11.95,15.712,0.0,0.229,0.349,0.641,no,1,1,4.0,5.0,7,,,,,,,False,False
P037_T1,P037,C4,C,4,18-34,no,5,4,8.9,False,4,6,5,5,1,cologne,visit,high,low,moderate,high>low>moderate,2,3,0,7.683,,0.0,0.79,2.772,4.12,,,,,no,7,4,,,6,moderate,5.0,6.0,5.0,5.0,4.0,False,False
P037_T2,P037,C4,C,4,18-34,no,5,4,8.9,False,4,6,5,5,2,notre_dame,feature,low,moderate,moderate,low>moderate>high>moderate,3,3,0,14.753,15.037,0.0,7.961,5.811,0.981,1.0,0.09,0.533,0.436,no,7,5,3.0,3.0,3,,,,,,,False,False
P037_T3,P037,C4,C,4,18-34,no,5,4,8.9,False,4,6,5,5,3,colosseum,visit,moderate,high,moderate,moderate>high>low>empty>low>moderate>high>moderate,7,4,1,12.33,,0.667,1.663,7.53,2.472,,,,,no,7,4,,,5,moderate,6.0,6.0,5.0,5.0,3.0,False,False
P037_T4,P037,C4,C,4,18-34,no,5,4,8.9,False,4,6,5,5,4,duomo,feature,empty,moderate,moderate,empty>moderate>high>moderate,3,3,0,12.594,1.542,7.489,0.0,3.852,1.253,1.0,0.032,0.5,0.751,no,7,4,4.0,3.0,3,,,,,,,False,False
P038_T1,P038,B3,B,3,18-34,yes,2,7,12.2,False,6,6,7,7,1,colosseum,visit,low,empty,empty,low>empty>low>moderate>high>low>empty,6,4,1,12.162,,5.816,4.737,0.675,0.934,,,,,no,4,4,,,6,empty,5.0,7.0,6.0,6.0,4.0,False,False
P038_T2,P038,B3,B,3,18-34,yes,2,7,12.2,False,6,6,7,7,2,cologne,feature,high,empty,empty,high>empty>low>moderate>high>low>empty>low>moderate>high>moderate>low>empty>low>empty>low>empty>low>empty,18,4,1,26.64,5.772,7.942,12.96,1.215,4.523,1.0,0.048,0.46,0.72,no,3,2,6.0,3.0,3,,,,,,,False,False
P038_T3,P038,B3,B,3,18-34,yes,2,7,12.2,False,6,6,7,7,3,notre_dame,visit,moderate,low,empty,moderate>low>empty>low>moderate>high>moderate>low>empty>low>moderate>low>empty,12,4,1,19.519,,2.7,4.016,12.106,0.698,,,,,yes,5,4,,,6,empty,6.0,7.0,6.0,6.0,4.0,False,False
P038_T4,P038,B3,B,3,18-34,yes,2,7,12.2,False,6,6,7,7,4,duomo,feature,empty,low,empty,empty>low>moderate>high>moderate>high>empty,6,4,1,6.638,1.17,3.286,0.382,0.956,2.014,1.0,0.03,0.502,0.75,yes,5,4,6.0,6.0,6,,,,,,,False,False
P039_T1,P039,A2,A,2,35-64,no,2,4,9.1,False,3,4,4,4,1,duomo,visit,empty,low,empty,empty>low>moderate>high>empty,4,4,1,17.918,,7.913,3.6,3.082,3.323,,,,,no,1,1,,,4,empty,5.0,7.0,4.0,4.0,2.0,False,False
P039_T2,P039,A2,A,2,35-64,no,2,4,9.1,False,3,4,4,4,2,colosseum,feature,low,empty,moderate,low>empty>low>moderate>high>moderate,5,4,1,15.9,15.136,2.475,6.743,4.155,2.527,1.0,0.071,0.463,0.529,no,4,3,1.0,3.0,2,,,,,,,False,False
P039_T3,P039,A2,A,2,35-64,no,2,4,9.1,False,3,4,4,4,3,cologne,visit,high,empty,empty,high>empty>low>moderate>high>empty,5,4,1,12.894,,3.353,2.078,1.867,5.597,,,,,no,1,1,,,3,empty,7.0,6.0,4.0,3.0,2.0,False,False
P039_T4,P039,A2,A,2,35-64,no,2,4,9.1,False,3,4,4,4,4,notre_dame,feature,moderate,empty,empty,moderate>empty>low>moderate>high>low>moderate>empty,7,4,1,15.774,9.63,3.992,3.66,5.774,2.348,1.0,0.096,0.535,0.441,no,3,2,4.0,2.0,1,,,,,,,False,False
P040_T1,P040,D4,D,4,35-64,no,2,3,4.1,False,7,6,5,7,1,cologne,feature,moderate,empty,high,moderate>empty>low>moderate>high>empty>low>moderate>high>moderate>low>empty>high,12,4,1,17.401,8.175,2.573,3.472,5.273,6.083,1.0,0.047,0.458,0.736,no,1,1,5.0,3.0,6,,,,,,,False,False
P040_T2,P040,D4,D,4,35-64,no,2,3,4.1,False,7,6,5,7,2,notre_dame,visit,high,empty,empty,high>empty>low>moderate>high>empty>low>empty,7,4,1,14.784,,4.883,2.873,1.417,5.611,,,,,no,1,1,,,5,moderate,3.0,5.0,6.0,5.0,6.0,False,False
P040_T3,P040,D4,D,4,35-64,no,2,3,4.1,False,7,6,5,7,3,colosseum,feature,low,empty,moderate,low>empty>low>moderate>high>moderate>low>empty>low>moderate,9,4,1,13.254,9.007,2.79,4.86,3.736,1.868,0.0,0.096,0.4,0.477,yes,7,6,7.0,6.0,4,,,,,,,False,False
P040_T4,P040,D4,D,4,35-64,no,2,3,4.1,False,7,6,5,7,4,duomo,visit,empty,low,moderate,empty>low>moderate>high>low>empty>low>moderate,7,4,1,9.204,,2.071,2.505,2.468,2.16,,,,,yes,7,5,,,7,moderate,3.0,4.0,7.0,7.0,7.0,False,False
P041_T1,P041,D4,D,4,35-64,no,2,6,7.7,False,5,5,3,5,1,cologne,feature,low,empty,moderate,low>empty>low>moderate>high>moderate,5,4,1,16.481,2.58,1.092,11.997,2.595,0.797,1.0,0.044,0.462,0.732,no,1,1,5.0,6.0,7,,,,,,,False,False
P041_T2,P041,D4,D,4,35-64,no,2,6,7.7,False,5,5,3,5,2,notre_dame,visit,moderate,empty,moderate,moderate>empty>low>moderate>high>moderate>low>moderate,7,4,1,13.701,,0.845,2.199,9.478,1.179,,,,,no,3,1,,,2,moderate,6.0,5.0,2.0,3.0,5.0,False,False
P041_T3,P041,D4,D,4,35-64,no,2,6,7.7,False,5,5,3,5,3,colosseum,feature,high,empty,moderate,high>empty>low>moderate>high>moderate,5,4,1,31.29,4.279,15.999,1.361,3.473,10.457,0.0,0.103,0.417,0.532,no,4,2,6.0,4.0,1,,,,,,,False,False
P041_T4,P041,D4,D,4,35-64,no,2,6,7.7,False,5,5,3,5,4,duomo,visit,empty,low,moderate,empty>low>moderate>high>moderate,4,4,0,21.302,,8.918,5.244,5.946,1.194,,,,,no,1,1,,,2,moderate,6.0,4.0,3.0,2.0,5.0,False,False
P042_T1,P042,C4,C,4,18-34,yes,1,5,5.9,False,6,6,7,7,1,cologne,visit,low,moderate,moderate,low>moderate>high>empty>low>moderate,5,4,1,9.398,,0.628,5.318,2.298,1.154,,,,,yes,7,1,,,3,low,6.0,5.0,3.0,2.0,5.0,False,False
P042_T2,P042,C4,C,4,18-34,yes,1,5,5.9,False,6,6,7,7,2,notre_dame,feature,high,empty,low,high>empty>low>moderate>high>low,5,4,1,10.629,1.705,1.236,3.764,0.943,4.685,0.0,0.136,0.443,0.47,yes,3,2,2.0,3.0,3,,,,,,,False,False
P042_T3,P042,C4,C,4,18-34,yes,1,5,5.9,False,6,6,7,7,3,colosseum,visit,empty,moderate,moderate,empty>moderate>low>high>empty>moderate,5,4,1,7.421,,3.083,0.72,1.473,2.145,,,,,yes,7,1,,,3,high,4.0,3.0,5.0,4.0,5.0,False,False
P042_T4,P042,C4,C,4,18-34,yes,1,5,5.9,False,6,6,7,7,4,duomo,feature,moderate,high,moderate,moderate>high>low>empty>moderate,4,4,1,6.723,1.258,0.825,0.705,4.438,0.755,1.0,0.032,0.5,0.751,yes,6,2,7.0,5.0,5,,,,,,,False,False
P043_T1,P043,A2,A,2,18-34,yes,3,5,8.6,True,7,7,7,7,1,duomo,visit,high,low,high,high>low>empty>moderate>high,4,4,1,9.518,,0.66,1.282,0.294,7.283,,,,,no,3,1,,,3,low,2.0,3.0,6.0,5.0,7.0,False,False
P043_T2,P043,A2,A,2,18-34,yes,3,5,8.6,True,7,7,7,7,2,colosseum,feature,low,low,low,low,0,1,0,4.921,5.76,0.0,4.921,0.0,0.0,0.0,0.094,0.431,0.534,yes,6,6,4.0,4.0,7,,,,,,,False,False
P043_T3,P043,A2,A,2,18-34,yes,3,5,8.6,True,7,7,7,7,3,cologne,visit,moderate,empty,empty,moderate>empty>low>moderate>high>low>empty,6,4,1,9.631,,2.512,1.552,5.093,0.473,,,,,no,4,4,,,7,low,6.0,7.0,7.0,3.0,5.0,False,False
P043_T4,P043,A2,A,2,18-34,yes,3,5,8.6,True,7,7,7,7,4,notre_dame,feature,empty,low,moderate,empty>low>moderate>high>low>moderate,5,4,0,4.642,4.898,1.53,0.96,1.733,0.42,1.0,0.091,0.541,0.434,no,4,4,7.0,7.0,2,,,,,,,False,False
P044_T1,P044,C1,C,1,18-34,no,2,6,9.8,True,5,5,6,5,1,notre_dame,feature,empty,low,low,empty>low>moderate>high>low,4,4,0,12.382,0.968,3.87,3.907,1.298,3.307,1.0,0.068,0.525,0.415,no,4,2,7.0,2.0,1,,,,,,,False,False
P044_T2,P044,C1,C,1,18-34,no,2,6,9.8,True,5,5,6,5,2,colosseum,visit,low,empty,low,low>empty>low>moderate>high>empty>low,6,4,1,15.105,,0.772,12.435,0.482,1.417,,,,,no,6,5,,,6,low,6.0,6.0,7.0,4.0,2.0,False,False
P044_T3,P044,C1,C,1,18-34,no,2,6,9.8,True,5,5,6,5,3,duomo,feature,moderate,empty,low,moderate>empty>low>moderate>high>empty>low>moderate>high>empty>low>moderate>high>empty>low,14,4,1,55.758,1.724,44.155,3.751,5.324,2.528,1.0,0.049,0.5,0.769,no,2,1,7.0,4.0,4,,,,,,,False,False
P044_T4,P044,C1,C,1,18-34,no,2,6,9.8,True,5,5,6,5,4,cologne,visit,high,moderate,low,high>moderate>low>empty>low>high>moderate>empty>low,8,4,1,19.021,,3.707,4.477,1.626,9.211,,,,,no,2,1,,,3,low,6.0,6.0,6.0,4.0,2.0,False,False
P045_T1,P045,C2,C,2,18-34,yes,2,7,11.3,True,7,7,7,7,1,colosseum,visit,empty,low,empty,empty>low>moderate>high>empty,4,4,1,22.332,,10.079,4.934,3.669,3.649,,,,,no,3,2,,,4,low,6.0,5.0,4.0,5.0,6.0,False,False
P045_T2,P045,C2,C,2,18-34,yes,2,7,11.3,True,7,7,7,7,2,duomo,feature,low,moderate,empty,low>moderate>high>empty,3,4,0,13.08,7.431,3.788,4.258,2.495,2.539,1.0,0.043,0.501,0.763,no,1,1,7.0,7.0,7,,,,,,,False,False
P045_T3,P045,C2,C,2,18-34,yes,2,7,11.3,True,7,7,7,7,3,cologne,visit,moderate,high,moderate,moderate>high>empty>low>moderate,4,4,1,21.636,,4.349,3.965,9.273,4.049,,,,,no,1,1,,,7,low,7.0,2.0,7.0,7.0,7.0,False,False
P045_T4,P045,C2,C,2,18-34,yes,2,7,11.3,True,7,7,7,7,4,notre_dame,feature,high,moderate,high,high>moderate>low>empty>high,4,4,1,8.441,9.707,0.944,0.679,1.027,5.791,0.0,0.41,0.539,0.758,no,3,2,7.0,7.0,7,,,,,,,False,False
P046_T1,P046,A2,A,2,35-64,no,2,3,9.5,False,7,7,7,7,1,duomo,visit,low,empty,moderate,low>empty>moderate>high>moderate,4,4,0,16.201,,4.806,4.764,4.191,2.44,,,,,no,1,1,,,7,moderate,5.0,7.0,5.0,5.0,3.0,False,False
P046_T2,P046,A2,A,2,35-64,no,2,3,9.5,False,7,7,7,7,2,colosseum,feature,high,moderate,moderate,high>moderate>low>moderate>empty>moderate>high>moderate,7,4,1,22.477,21.205,2.994,2.552,8.791,8.139,0.0,0.12,0.389,0.523,no,2,1,5.0,5.0,3,,,,,,,False,False
P046_T3,P046,A2,A,2,35-64,no,2,3,9.5,False,7,7,7,7,3,cologne,visit,moderate,empty,moderate,moderate>empty>low>moderate>high>moderate>low>moderate>low>moderate,9,4,1,22.028,,2.296,4.457,13.226,2.049,,,,,no,1,1,,,7,moderate,7.0,7.0,5.0,5.0,3.0,False,False
P046_T4,P046,A2,A,2,35-64,no,2,3,9.5,False,7,7,7,7,4,notre_dame,feature,empty,low,low,empty>low>moderate>high>low,4,4,0,16.548,7.151,5.689,5.447,2.749,2.663,1.0,0.097,0.538,0.442,no,2,1,5.0,5.0,7,,,,,,,False,False
P047_T1,P047,D3,D,3,35-64,no,2,6,6.0,False,7,7,7,7,1,duomo,visit,moderate,low,low,moderate>low>empty>high>empty>low,5,4,0,10.272,,2.135,3.114,3.065,1.958,,,,,yes,6,5,,,6,low,6.0,7.0,6.0,6.0,2.0,False,False
P047_T2,P047,D3,D,3,35-64,no,2,6,6.0,False,7,7,7,7,2,cologne,feature,high,low,empty,high>low>empty,2,3,0,8.287,6.728,2.757,0.465,0.0,5.065,1.0,0.046,0.459,0.731,no,1,1,6.0,6.0,7,,,,,,,False,False
P047_T3,P047,D3,D,3,35-64,no,2,6,6.0,False,7,7,7,7,3,notre_dame,visit,empty,low,low,empty>low,1,2,0,10.779,,9.008,1.771,0.0,0.0,,,,,no,5,4,,,6,low,6.0,7.0,6.0,6.0,3.0,False,False
P047_T4,P047,D3,D,3,35-64,no,2,6,6.0,False,7,7,7,7,4,colosseum,feature,low,moderate,empty,low>moderate>empty>low>moderate>high>empty,6,4,1,10.642,11.8,2.748,4.85,1.543,1.5,0.0,0.089,0.426,0.521,yes,6,5,6.0,7.0,6,,,,,,,False,False
P048_T1,P048,B2,B,2,35-64,no,3,7,6.9,False,6,6,5,7,1,duomo,feature,empty,empty,low,empty>low>moderate>high>empty>low,5,4,1,17.489,9.358,9.809,3.206,2.2,2.274,1.0,0.07,0.493,0.789,no,1,1,6.0,6.0,6,,,,,,,False,False
P048_T2,P048,B2,B,2,35-64,no,3,7,6.9,False,6,6,5,7,2,colosseum,visit,moderate,empty,moderate,moderate>empty>low>moderate>high>low>moderate,6,4,1,14.499,,1.57,2.358,9.146,1.425,,,,,no,5,3,,,7,moderate,5.0,5.0,7.0,7.0,7.0,False,False
P048_T3,P048,B2,B,2,35-64,no,3,7,6.9,False,6,6,5,7,3,cologne,feature,high,empty,low,high>empty>low>moderate>high>low,5,4,1,9.994,7.768,1.781,2.864,0.672,4.677,1.0,0.049,0.463,0.763,no,4,3,6.0,6.0,6,,,,,,,False,False
P048_T4,P048,B2,B,2,35-64,no,3,7,6.9,False,6,6,5,7,4,notre_dame,visit,low,empty,low,low>empty>low>moderate>high>low,5,4,1,9.863,,1.476,6.55,0.915,0.922,,,,,no,4,4,,,6,low,7.0,7.0,6.0,6.0,7.0,False,False
P049_T1,P049,B2,B,2,35-64,yes,3,5,9.7,False,7,6,6,7,1,duomo,feature,empty,empty,high,empty>low>moderate>low>empty>high,5,4,1,29.315,8.183,11.977,2.712,5.741,8.885,1.0,0.041,0.502,0.761,no,1,1,4.0,5.0,6,,,,,,,False,False
P049_T2,P049,B2,B,2,35-64,yes,3,5,9.7,False,7,6,6,7,2,colosseum,visit,low,empty,high,low>empty>low>moderate>high,4,4,1,19.122,,1.507,9.021,3.279,5.315,,,,,no,4,4,,,6,empty,5.0,2.0,4.0,6.0,5.0,False,False
P049_T3,P049,B2,B,2,35-64,yes,3,5,9.7,False,7,6,6,7,3,cologne,feature,high,empty,low,high>empty>low>moderate>high>low,5,4,1,15.435,6.548,1.199,2.998,1.234,10.004,1.0,0.045,0.46,0.733,yes,4,4,5.0,7.0,6,,,,,,,False,False
P049_T4,P049,B2,B,2,35-64,yes,3,5,9.7,False,7,6,6,7,4,notre_dame,visit,moderate,empty,moderate,moderate>empty>low>moderate>high>low>moderate,6,4,1,13.112,,0.809,2.88,7.379,2.044,,,,,yes,2,2,,,7,low,5.0,5.0,5.0,6.0,6.0,False,False
P050_T1,P050,D4,D,4,18-34,yes,2,4,3.9,False,7,4,6,5,1,cologne,feature,high,empty,moderate,high>empty>low>moderate>high>moderate,5,4,1,6.465,3.247,0.45,0.495,1.201,4.319,1.0,0.043,0.463,0.729,no,3,3,7.0,5.0,5,,,,,,,False,False
P050_T2,P050,D4,D,4,18-34,yes,2,4,3.9,False,7,4,6,5,2,notre_dame,visit,low,empty,low,low>empty>low>moderate>high>low,5,4,1,4.455,,0.585,2.888,0.345,0.637,,,,,yes,7,7,,,5,moderate,4.0,6.0,6.0,4.0,6.0,False,False
P050_T3,P050,D4,D,4,18-34,yes,2,4,3.9,False,7,4,6,5,3,colosseum,feature,empty,low,high,empty>low>moderate>high,3,4,0,3.825,2.535,1.515,0.616,0.48,1.215,1.0,0.033,0.463,0.462,no,6,5,6.0,6.0,6,,,,,,,False,False
P050_T4,P050,D4,D,4,18-34,yes,2,4,3.9,False,7,4,6,5,4,duomo,visit,moderate,low,low,moderate>low>empty>low>moderate>high>moderate>low,7,4,1,6.585,,0.39,1.515,3.93,0.75,,,,,no,2,3,,,6,low,2.0,2.0,5.0,6.0,5.0,False,False
P051_T1,P051,B4,B,4,18-34,no,2,7,10.8,False,7,7,7,7,1,cologne,feature,moderate,empty,low,moderate>empty>low>moderate>high>low,5,4,1,18.338,11.294,0.832,5.519,10.555,1.433,0.0,0.411,0.849,0.513,no,1,1,2.0,7.0,7,,,,,,,False,False
P051_T2,P051,B4,B,4,18-34,no,2,7,10.8,False,7,7,7,7,2,notre_dame,visit,high,empty,moderate,high>empty>low>moderate>high>moderate,5,4,1,21.486,,1.957,1.335,3.171,15.023,,,,,no,4,3,,,7,low,6.0,5.0,3.0,5.0,6.0,False,False
P051_T3,P051,B4,B,4,18-34,no,2,7,10.8,False,7,7,7,7,3,duomo,feature,empty,low,low,empty>low>moderate>high>empty>low,5,4,1,8.684,16.097,4.237,2.663,0.517,1.268,0.0,0.213,0.708,0.783,no,1,1,4.0,7.0,7,,,,,,,False,False
P051_T4,P051,B4,B,4,18-34,no,2,7,10.8,False,7,7,7,7,4,colosseum,visit,low,empty,low,low>empty>low>moderate>high>moderate>low,6,4,1,10.455,,0.51,7.193,1.838,0.915,,,,,no,7,4,,,7,low,7.0,7.0,6.0,6.0,7.0,False,False
P052_T1,P052,D3,D,3,35-64,no,3,7,12.7,False,7,7,6,7,1,duomo,visit,low,empty,low,low>empty>low>moderate>high>low,5,4,1,6.742,,0.69,4.08,1.035,0.938,,,,,no,1,1,,,7,low,7.0,7.0,6.0,6.0,3.0,False,False
P052_T2,P052,D3,D,3,35-64,no,3,7,12.7,False,7,7,6,7,2,cologne,feature,moderate,low,moderate,moderate>low>empty>low>moderate>high>moderate>low>moderate,8,4,1,13.59,10.981,0.765,3.412,8.086,1.328,1.0,0.039,0.467,0.743,no,1,1,5.0,4.0,7,,,,,,,False,False
P052_T3,P052,D3,D,3,35-64,no,3,7,12.7,False,7,7,6,7,3,notre_dame,visit,empty,low,moderate,empty>low>moderate>high>moderate>low>moderate,6,4,0,13.493,,2.932,3.925,5.488,1.148,,,,,no,7,4,,,6,moderate,7.0,7.0,7.0,5.0,3.0,False,False
P052_T4,P052,D3,D,3,35-64,no,3,7,12.7,False,7,7,6,7,4,colosseum,feature,high,moderate,moderate,high>moderate>low>empty>low>moderate,5,4,0,7.988,24.684,0.623,1.366,3.337,2.664,0.0,0.099,0.42,0.529,no,7,4,7.0,6.0,7,,,,,,,False,False
P053_T1,P053,A1,A,1,35-64,no,3,4,6.3,True,6,6,6,6,1,notre_dame,feature,moderate,empty,high,moderate>empty>low>moderate>high,4,4,1,18.431,1.967,1.664,1.823,11.977,2.966,1.0,0.1,0.537,0.445,no,1,1,5.0,3.0,2,,,,,,,False,False
P053_T2,P053,A1,A,1,35-64,no,3,4,6.3,True,6,6,6,6,2,duomo,visit,low,empty,high,low>empty>low>moderate>high,4,4,1,12.325,,2.1,6.371,0.674,3.179,,,,,yes,5,3,,,5,empty,6.0,1.0,6.0,4.0,6.0,False,False
P053_T3,P053,A1,A,1,35-64,no,3,4,6.3,True,6,6,6,6,3,colosseum,feature,high,empty,high,high>empty>low>moderate>high,4,4,1,17.234,2.823,2.068,1.317,1.221,12.628,1.0,0.082,0.459,0.539,yes,5,3,6.0,6.0,6,,,,,,,False,False
P053_T4,P053,A1,A,1,35-64,no,3,4,6.3,True,6,6,6,6,4,cologne,visit,empty,low,moderate,empty>low>moderate>high>moderate,4,4,0,14.478,,8.087,1.624,3.252,1.515,,,,,no,1,1,,,5,low,5.0,2.0,6.0,6.0,6.0,False,False
P054_T1,P054,A4,A,4,18-34,no,1,4,11.2,False,5,7,6,7,1,cologne,visit,low,empty,high,low>empty>low>moderate>high,4,4,1,31.584,,0.6,10.418,1.217,19.35,,,,,yes,5,1,,,4,empty,1.0,3.0,2.0,3.0,4.0,False,False
P054_T2,P054,A4,A,4,18-34,no,1,4,11.2,False,5,7,6,7,2,notre_dame,feature,high,empty,empty,high>empty>low>moderate>high>empty,5,4,1,23.117,3.734,5.65,0.75,0.532,16.184,1.0,0.094,0.535,0.439,no,4,1,1.0,3.0,4,,,,,,,False,False
P054_T3,P054,A4,A,4,18-34,no,1,4,11.2,False,5,7,6,7,3,duomo,visit,empty,low,high,empty>low>moderate>high,3,4,0,7.516,,4.683,0.483,0.584,1.766,,,,,yes,5,1,,,3,empty,2.0,3.0,3.0,4.0,2.0,False,False
P054_T4,P054,A4,A,4,18-34,no,1,4,11.2,False,5,7,6,7,4,colosseum,feature,moderate,empty,empty,moderate>empty>low>moderate>high>empty,5,4,1,48.75,4.95,22.049,0.617,25.484,0.6,1.0,0.083,0.445,0.531,no,4,1,1.0,3.0,3,,,,,,,False,False
P055_T1,P055,D1,D,1,35-64,no,3,5,15.3,False,7,6,6,7,1,notre_dame,visit,empty,low,high,empty>low>moderate>high,3,4,0,13.82,,2.724,2.036,2.538,6.522,,,,,no,3,4,,,7,moderate,5.0,5.0,7.0,6.0,6.0,False,False
P055_T2,P055,D1,D,1,35-64,no,3,5,15.3,False,7,6,6,7,2,colosseum,feature,low,moderate,empty,low>moderate>high>empty>low>empty,5,4,1,22.018,1.346,5.426,13.208,1.617,1.766,0.0,0.089,0.424,0.519,yes,7,5,6.0,4.0,4,,,,,,,False,False
P055_T3,P055,D1,D,1,35-64,no,3,5,15.3,False,7,6,6,7,3,duomo,visit,moderate,low,high,moderate>low>empty>high>moderate>low>high,6,4,1,26.168,,1.648,2.778,9.279,12.463,,,,,yes,3,4,,,5,low,5.0,4.0,6.0,5.0,7.0,False,False
P055_T4,P055,D1,D,1,35-64,no,3,5,15.3,False,7,6,6,7,4,cologne,feature,high,moderate,empty,high>moderate>low>empty,3,4,0,10.046,2.224,1.694,1.734,2.56,4.058,1.0,0.045,0.46,0.739,no,3,2,6.0,6.0,6,,,,,,,False,False
P056_T1,P056,C2,C,2,18-34,yes,2,3,18.8,False,5,7,7,3,1,colosseum,visit,high,empty,moderate,high>empty>low>moderate>high>moderate,5,4,1,19.301,,2.561,1.616,6.116,9.008,,,,,no,7,4,,,2,moderate,5.0,7.0,7.0,1.0,5.0,False,False
P056_T2,P056,C2,C,2,18-34,yes,2,3,18.8,False,5,7,7,3,2,duomo,feature,low,moderate,high,low>moderate>high>empty>high,4,4,0,21.823,7.57,2.626,5.145,1.006,13.046,1.0,0.06,0.501,0.78,yes,6,3,5.0,6.0,6,,,,,,,False,False
P056_T3,P056,C2,C,2,18-34,yes,2,3,18.8,False,5,7,7,3,3,cologne,visit,empty,low,high,empty>low>moderate>high>moderate>empty>moderate>low>moderate>high>moderate>high,11,4,1,36.867,,15.504,3.753,11.052,6.558,,,,,yes,3,5,,,1,high,1.0,5.0,7.0,2.0,7.0,False,False
P056_T4,P056,C2,C,2,18-34,yes,2,3,18.8,False,5,7,7,3,4,notre_dame,feature,moderate,high,empty,moderate>high>low>empty>low>moderate>high>empty,7,4,1,25.792,1.562,10.523,2.099,8.828,4.341,1.0,0.099,0.536,0.444,yes,6,3,6.0,6.0,6,,,,,,,False,False
P057_T1,P057,C1,C,1,35-64,no,2,5,16.8,True,6,6,5,5,1,notre_dame,feature,low,empty,low,low>empty>low>moderate>high>low,5,4,1,45.938,6.427,2.025,39.435,2.28,2.197,1.0,0.094,0.54,0.437,no,1,1,7.0,6.0,7,,,,,,,False,False
P057_T2,P057,C1,C,1,35-64,no,2,5,16.8,True,6,6,5,5,2,colosseum,visit,moderate,empty,low,moderate>empty>low>moderate>high>moderate>low>empty>low>moderate>low,10,4,1,39.355,,3.548,14.468,19.516,1.823,,,,,no,1,1,,,6,low,7.0,6.0,6.0,4.0,6.0,False,False
P057_T3,P057,C1,C,1,35-64,no,2,5,16.8,True,6,6,5,5,3,duomo,feature,high,low,low,high>low,1,2,0,14.011,13.652,0.0,2.339,0.0,11.671,1.0,0.01,0.5,0.729,no,1,1,7.0,6.0,7,,,,,,,False,False
P057_T4,P057,C1,C,1,35-64,no,2,5,16.8,True,6,6,5,5,4,cologne,visit,empty,low,low,empty>low>moderate>high>low,4,4,0,19.56,,14.122,3.27,1.335,0.832,,,,,no,1,1,,,6,low,6.0,6.0,7.0,4.0,5.0,False,False
P058_T1,P058,D1,D,1,35-64,no,1,4,13.4,False,4,5,5,5,1,notre_dame,visit,low,empty,moderate,low>empty>low>moderate>high>moderate,5,4,1,24.187,,2.145,15.953,4.756,1.334,,,,,no,3,3,,,4,moderate,5.0,7.0,4.0,3.0,5.0,False,False
P058_T2,P058,D1,D,1,35-64,no,1,4,13.4,False,4,5,5,5,2,colosseum,feature,high,empty,high,high>empty>low>moderate>high,4,4,1,19.981,1.396,1.477,1.103,1.223,16.178,0.0,0.1,0.421,0.533,no,3,3,6.0,5.0,5,,,,,,,False,False
P058_T3,P058,D1,D,1,35-64,no,1,4,13.4,False,4,5,5,5,3,duomo,visit,moderate,empty,high,moderate>empty>low>moderate>high,4,4,1,12.908,,0.787,0.975,6.084,5.063,,,,,no,3,3,,,5,moderate,6.0,6.0,5.0,5.0,6.0,False,False
P058_T4,P058,D1,D,1,35-64,no,1,4,13.4,False,4,5,5,5,4,cologne,feature,empty,empty,high,empty>low>moderate>high,3,4,1,12.27,2.1,7.973,0.922,1.86,1.515,0.0,0.328,0.828,0.791,no,3,3,6.0,5.0,5,,,,,,,False,False
P059_T1,P059,D4,D,4,18-34,no,3,4,3.0,False,6,5,7,4,1,cologne,feature,low,empty,empty,low>empty>low>moderate>high>empty,5,4,1,7.125,6.195,1.853,3.998,0.63,0.645,1.0,0.091,0.458,0.659,no,1,1,5.0,3.0,6,,,,,,,False,False
P059_T2,P059,D4,D,4,18-34,no,3,4,3.0,False,6,5,7,4,2,notre_dame,visit,moderate,empty,empty,moderate>empty>low>moderate>high>empty,5,4,1,7.627,,2.114,1.455,3.09,0.967,,,,,no,1,1,,,6,empty,6.0,7.0,7.0,6.0,6.0,False,False
P059_T3,P059,D4,D,4,18-34,no,3,4,3.0,False,6,5,7,4,3,colosseum,feature,high,empty,moderate,high>empty>low>moderate>high>moderate,5,4,1,5.483,7.756,0.465,0.472,1.597,2.949,0.0,0.09,0.412,0.502,no,4,2,3.0,7.0,6,,,,,,,False,False
P059_T4,P059,D4,D,4,18-34,no,3,4,3.0,False,6,5,7,4,4,duomo,visit,empty,low,high,empty>low>moderate>high>low>empty>low>moderate>high,8,4,1,6.668,,2.356,1.327,0.884,2.101,,,,,no,1,1,,,7,high,6.0,6.0,5.0,4.0,3.0,False,False
P060_T1,P060,B4,B,4,35-64,no,2,5,73.6,False,6,6,6,6,1,cologne,feature,empty,empty,empty,empty>low>moderate>high>empty,4,4,1,11.608,6.408,7.816,0.528,0.568,2.696,1.0,0.051,0.455,0.75,no,2,2,6.0,6.0,6,,,,,,,False,False
P060_T2,P060,B4,B,4,35-64,no,2,5,73.6,False,6,6,6,6,2,notre_dame,visit,low,empty,empty,low>empty>low>moderate>high>empty,5,4,1,13.52,,2.872,5.874,0.575,4.2,,,,,no,3,3,,,6,empty,6.0,6.0,6.0,6.0,6.0,False,False
P060_T3,P060,B4,B,4,35-64,no,2,5,73.6,False,6,6,6,6,3,duomo,feature,high,empty,low,high>empty>low>moderate>high>empty>low,6,4,1,15.776,6.24,3.472,2.48,1.752,8.073,1.0,0.069,0.506,0.789,no,2,2,6.0,6.0,6,,,,,,,False,False
P060_T4,P060,B4,B,4,35-64,no,2,5,73.6,False,6,6,6,6,4,colosseum,visit,moderate,empty,low,moderate>empty>low>moderate>high>low,5,4,1,11.584,,0.873,5.143,4.033,1.536,,,,,no,2,2,,,6,low,6.0,6.0,6.0,6.0,6.0,False,False
P061_T1,P061,D3,D,3,18-34,yes,3,4,5.8,False,5,5,2,1,1,duomo,visit,high,moderate,high,high>moderate>low>empty>high,4,4,1,11.655,,1.553,0.731,0.715,8.656,,,,,no,2,2,,,4,moderate,5.0,5.0,6.0,6.0,5.0,False,False
P061_T2,P061,D3,D,3,18-34,yes,3,4,5.8,False,5,5,2,1,2,cologne,feature,moderate,low,low,moderate>low>empty>high>moderate>low>empty>low,7,4,1,19.114,3.915,3.117,3.071,11.745,1.181,1.0,0.05,0.456,0.727,no,1,1,7.0,2.0,1,,,,,,,False,False
P061_T3,P061,D3,D,3,18-34,yes,3,4,5.8,False,5,5,2,1,3,notre_dame,visit,empty,low,moderate,empty>low>moderate>high>low>moderate,5,4,0,11.014,,2.578,2.619,1.845,3.972,,,,,no,1,1,,,3,moderate,3.0,3.0,3.0,4.0,4.0,False,False
P061_T4,P061,D3,D,3,18-34,yes,3,4,5.8,False,5,5,2,1,4,colosseum,feature,low,moderate,high,low>moderate>high,2,3,0,9.642,22.578,0.0,4.985,1.046,3.611,0.0,0.092,0.423,0.522,yes,7,7,6.0,5.0,5,,,,,,,False,False
P062_T1,P062,B1,B,1,18-34,no,3,2,9.7,False,6,6,5,6,1,notre_dame,visit,high,moderate,empty,high>moderate>low>empty>high>empty,5,4,1,25.548,,5.113,4.021,3.463,12.951,,,,,no,1,2,,,4,high,6.0,4.0,4.0,3.0,3.0,False,False
P062_T2,P062,B1,B,1,18-34,no,3,2,9.7,False,6,6,5,6,2,duomo,feature,moderate,empty,low,moderate>empty>low>moderate>high>low,5,4,1,33.725,6.801,4.917,5.679,13.153,9.976,1.0,0.032,0.499,0.751,no,1,1,4.0,3.0,5,,,,,,,False,False
P062_T3,P062,B1,B,1,18-34,no,3,2,9.7,False,6,6,5,6,3,colosseum,visit,empty,low,empty,empty>low>moderate>high>empty,4,4,1,32.317,,10.901,10.842,5.997,4.576,,,,,no,2,2,,,4,high,6.0,6.0,6.0,2.0,6.0,False,False
P062_T4,P062,B1,B,1,18-34,no,3,2,9.7,False,6,6,5,6,4,cologne,feature,low,high,empty,low>high>empty,2,3,0,14.849,8.265,3.034,7.45,0.0,4.365,1.0,0.045,0.46,0.729,no,2,1,5.0,6.0,5,,,,,,,False,False
P063_T1,P063,A4,A,4,18-34,yes,5,7,28.0,False,4,7,3,6,1,cologne,visit,low,moderate,moderate,low>moderate>high>moderate>high>moderate,5,3,0,15.405,,0.0,6.039,5.234,4.132,,,,,no,3,3,,,6,moderate,6.0,6.0,5.0,5.0,7.0,False,False
P063_T2,P063,A4,A,4,18-34,yes,5,7,28.0,False,4,7,3,6,2,notre_dame,feature,empty,low,moderate,empty>low>moderate>high>moderate,4,4,0,14.768,2.535,7.576,1.635,3.69,1.868,1.0,0.091,0.537,0.436,no,7,6,7.0,1.0,1,,,,,,,False,False
P063_T3,P063,A4,A,4,18-34,yes,5,7,28.0,False,4,7,3,6,3,duomo,visit,moderate,low,high,moderate>low>high>empty>high,4,4,0,23.011,,1.636,1.748,16.111,3.517,,,,,no,1,1,,,1,moderate,5.0,2.0,6.0,6.0,7.0,False,False
P063_T4,P063,A4,A,4,18-34,yes,5,7,28.0,False,4,7,3,6,4,colosseum,feature,high,moderate,moderate,high>moderate>low>moderate>high>moderate,5,3,0,11.326,26.844,0.0,2.122,3.346,5.858,1.0,0.066,0.492,0.531,no,5,4,7.0,1.0,1,,,,,,,False,True
P064_T1,P064,C3,C,3,18-34,no,2,4,13.0,True,5,5,4,5,1,duomo,feature,low,empty,high,low>empty>high>moderate>low>empty>high,6,4,1,41.571,4.26,9.089,16.432,1.897,14.153,1.0,0.044,0.5,0.764,no,4,4,7.0,6.0,4,,,,,,,False,False
P064_T2,P064,C3,C,3,18-34,no,2,4,13.0,True,5,5,4,5,2,cologne,visit,high,moderate,high,high>moderate>high,2,2,0,20.985,,0.0,0.0,8.453,12.532,,,,,no,1,1,,,4,moderate,5.0,4.0,5.0,4.0,4.0,False,False
P064_T3,P064,C3,C,3,18-34,no,2,4,13.0,True,5,5,4,5,3,notre_dame,feature,empty,moderate,moderate,empty>moderate,1,2,0,13.583,31.471,8.019,0.0,5.564,0.0,1.0,0.101,0.535,0.447,no,4,3,6.0,5.0,5,,,,,,,False,True
P064_T4,P064,C3,C,3,18-34,no,2,4,13.0,True,5,5,4,5,4,colosseum,visit,moderate,moderate,moderate,moderate,0,1,0,5.753,,0.0,0.0,5.753,0.0,,,,,no,5,4,,,4,moderate,4.0,4.0,4.0,3.0,4.0,False,False
P065_T1,P065,C4,C,4,18-34,no,3,7,5.3,False,7,7,7,5,1,cologne,visit,empty,low,empty,empty>low>moderate>high>empty,4,4,1,6.96,,5.665,0.241,0.224,0.831,,,,,no,1,1,,,7,empty,7.0,7.0,5.0,6.0,1.0,False,False
P065_T2,P065,C4,C,4,18-34,no,3,7,5.3,False,7,7,7,5,2,notre_dame,feature,moderate,empty,low,moderate>empty>low>moderate>low,4,3,0,8.528,2.28,0.52,1.516,6.492,0.0,0.0,0.225,0.469,0.572,no,1,4,1.0,7.0,7,,,,,,,False,False
P065_T3,P065,C4,C,4,18-34,no,3,7,5.3,False,7,7,7,5,3,colosseum,visit,high,empty,empty,high>empty,1,2,0,3.761,,1.416,0.0,0.0,2.345,,,,,no,1,5,,,6,empty,7.0,7.0,6.0,6.0,1.0,False,False
P065_T4,P065,C4,C,4,18-34,no,3,7,5.3,False,7,7,7,5,4,duomo,feature,low,low,low,low,0,1,0,3.588,1.388,0.0,3.588,0.0,0.0,1.0,0.026,0.502,0.746,no,1,3,7.0,6.0,6,,,,,,,False,False
