record_id,participant_id,task_type,landmark_id,initial_density,first_participant_initiated_density,committed_density,initial_match,first_participant_initiated_match,changed_from_initial,changed_after_first_participant_initiated_state,viewed_all_four,revisited_any_state,returned_to_initial,adjacent_transitions,skip_transitions,noop_transitions,return_transitions,direction_reversals,net_initial_to_final,sequence_length,switch_count,unique_levels_viewed,selection_time_s,total_dwell_s,dwell_empty_s,dwell_share_empty,dwell_low_s,dwell_share_low,dwell_moderate_s,dwell_share_moderate,dwell_high_s,dwell_share_high
P001_T1,P001,visit,duomo,empty,low,high,0,0,1,1,1,1,1,8,5,0,10,6,3,14,13,4,28.465,28.466,7.316,0.2570083608515421,5.557,0.1952153446216539,7.992,0.28075598960163,7.601,0.2670203049251738
P001_T2,P001,feature,colosseum,moderate,high,high,0,1,1,0,1,1,1,3,3,0,3,4,1,7,6,4,28.806,28.807,1.837,0.0637692227583573,6.931,0.2406012427534974,15.06,0.5227895997500607,4.979,0.1728399347380844
P001_T3,P001,visit,cologne,low,moderate,high,0,0,1,1,0,1,0,6,0,0,4,4,2,7,6,3,13.275,13.275,0.0,0.0,4.524,0.3407909604519774,3.562,0.2683239171374764,5.189,0.3908851224105461
P001_T4,P001,feature,notre_dame,high,moderate,high,1,0,0,1,0,1,1,2,1,0,1,1,0,4,3,3,13.354,13.354,0.0,0.0,2.512,0.1881084319305077,1.856,0.1389845739104388,8.986,0.6729069941590534
P002_T1,P002,feature,duomo,low,empty,high,0,0,1,1,1,1,1,4,0,0,1,1,2,5,4,4,16.408,16.408,1.063,0.064785470502194,6.826,0.4160165772793758,1.995,0.1215870307167235,6.524,0.3976109215017064
P002_T2,P002,visit,cologne,empty,moderate,moderate,0,1,1,0,0,1,0,2,1,0,1,1,2,4,3,3,27.906,27.906,5.936,0.2127141116605748,0.0,0.0,13.576,0.4864903604959507,8.394,0.3007955278434745
P002_T3,P002,feature,notre_dame,moderate,moderate,moderate,1,1,0,0,0,1,1,2,1,0,1,1,0,4,3,3,20.068,20.068,0.803,0.0400139525612916,0.889,0.044299382100857,18.376,0.9156866653378511,0.0,0.0
P002_T4,P002,visit,colosseum,high,moderate,moderate,0,1,1,0,0,0,0,1,0,0,0,0,-1,2,1,2,10.113,10.113,0.0,0.0,0.0,0.0,3.397,0.3359042816177197,6.716,0.6640957183822803
P003_T1,P003,feature,colosseum,low,empty,low,1,0,0,1,1,1,1,4,1,0,2,2,0,6,5,4,48.116,48.115,2.644,0.0549516782708095,23.029,0.4786241296892861,2.204,0.0458069209186324,20.238,0.4206172711212719
P003_T2,P003,visit,cologne,empty,low,high,0,0,1,1,1,1,1,3,1,0,1,2,3,5,4,4,20.49,20.49,6.777,0.3307467057101024,2.023,0.0987310883357735,2.957,0.1443142996583699,8.733,0.426207906295754
P003_T3,P003,feature,notre_dame,high,empty,empty,0,1,1,0,1,1,1,3,2,0,2,2,-3,6,5,4,22.478,22.478,6.64,0.2953999466144675,2.624,0.1167363644452353,2.575,0.1145564552006406,10.639,0.4733072337396565
P003_T4,P003,visit,duomo,moderate,low,empty,0,0,1,1,1,1,1,3,2,0,2,2,-2,6,5,4,29.74,29.74,4.465,0.1501344989912575,2.128,0.0715534633490248,20.4,0.6859448554135844,2.747,0.0923671822461331
P004_T1,P004,feature,cologne,low,empty,low,1,0,0,1,1,1,1,4,1,0,2,2,0,6,5,4,25.242,25.242,4.167,0.1650820061801759,14.78,0.5855320497583393,2.327,0.0921876238016005,3.968,0.1571983202598843
P004_T2,P004,visit,notre_dame,empty,empty,low,0,0,1,1,1,1,0,3,1,0,1,1,1,5,4,4,33.728,33.728,10.24,0.3036053130929791,15.672,0.4646584440227704,2.672,0.0792220113851992,5.144,0.1525142314990512
P004_T3,P004,feature,colosseum,high,empty,empty,0,1,1,0,0,0,0,0,1,0,0,0,-3,2,1,2,74.888,74.888,15.424,0.2059609016130755,0.0,0.0,0.0,0.0,59.464,0.7940390983869244
P004_T4,P004,visit,duomo,moderate,empty,moderate,1,0,0,1,1,1,1,4,1,0,2,2,0,6,5,4,29.688,29.688,1.984,0.0668283481541363,1.695,0.0570937752627324,8.641,0.2910603610886553,17.368,0.5850175154944759
P005_T1,P005,visit,notre_dame,high,empty,high,1,0,0,1,1,1,1,3,1,0,1,1,0,5,4,4,12.105,12.105,0.502,0.0414704667492771,0.51,0.0421313506815365,0.465,0.0384138785625774,10.628,0.8779843040066089
P005_T2,P005,feature,colosseum,empty,low,moderate,0,0,1,1,1,1,1,17,3,0,17,8,2,21,20,4,31.252,31.252,15.381,0.4921605017278894,4.552,0.1456546781006015,4.11,0.1315115832586714,7.209,0.2306732369128376
P005_T3,P005,visit,duomo,low,empty,high,0,0,1,1,1,1,1,8,0,0,5,5,2,9,8,4,10.703,10.703,0.405,0.0378398579837428,2.471,0.2308698495748855,2.638,0.2464729515089227,5.189,0.4848173409324489
P005_T4,P005,feature,cologne,moderate,low,high,0,0,1,1,1,1,1,16,2,0,15,11,1,19,18,4,15.03,15.031,1.522,0.1012574013705009,3.652,0.2429645399507684,4.43,0.2947242365777393,5.427,0.3610538221009913
P006_T1,P006,visit,cologne,high,low,moderate,0,0,1,1,1,1,1,5,2,0,4,4,-1,8,7,4,14.43,14.43,1.16,0.0803880803880803,2.268,0.1571725571725571,7.468,0.5175329175329175,3.534,0.2449064449064449
P006_T2,P006,feature,notre_dame,low,empty,low,1,0,0,1,1,1,1,4,1,0,2,2,0,6,5,4,5.56,5.56,0.5,0.0899280575539568,3.868,0.6956834532374101,0.5,0.0899280575539568,0.692,0.1244604316546762
P006_T3,P006,visit,duomo,empty,low,low,0,1,1,0,1,1,0,3,1,0,1,1,1,5,4,4,4.372,4.372,2.334,0.5338517840805124,1.2,0.2744739249771272,0.444,0.101555352241537,0.394,0.0901189387008234
P006_T4,P006,feature,colosseum,moderate,high,low,0,0,1,1,1,1,1,5,1,0,3,3,-1,7,6,4,6.316,6.316,0.54,0.0854971500949968,1.436,0.2273590880303989,3.919,0.620487650411653,0.421,0.0666561114629512
P007_T1,P007,feature,duomo,low,moderate,high,0,0,1,1,0,0,0,2,0,0,0,0,2,3,2,3,12.083,12.082,0.0,0.0,7.598,0.6288693924846879,2.429,0.2010428736964078,2.055,0.1700877338189041
P007_T2,P007,visit,colosseum,high,moderate,moderate,0,1,1,0,0,0,0,1,0,0,0,0,-1,2,1,2,6.646,6.6450000000000005,0.0,0.0,0.0,0.0,2.543,0.382693754702784,4.102,0.617306245297216
P007_T3,P007,feature,cologne,empty,empty,empty,1,1,0,0,0,0,0,0,0,0,0,0,0,1,0,1,5.273,5.273,5.273,1.0,0.0,0.0,0.0,0.0,0.0,0.0
P007_T4,P007,visit,notre_dame,moderate,low,empty,0,0,1,1,1,1,1,3,1,0,1,2,-2,5,4,4,14.198,14.198,2.991,0.2106634737286941,4.441,0.312790533878011,4.988,0.3513170869136498,1.778,0.125228905479645
P008_T1,P008,visit,colosseum,high,empty,moderate,0,0,1,1,1,1,1,14,2,0,13,8,-1,17,16,4,30.851,30.851000000000003,1.963,0.06362840750705,8.881,0.2878674921396389,11.726,0.3800849243136365,8.281,0.2684191760396746
P008_T2,P008,feature,cologne,moderate,empty,moderate,1,0,0,1,1,1,1,4,1,0,2,2,0,6,5,4,8.753,8.754999999999999,0.504,0.0575671045117076,0.47,0.0536836093660765,5.066,0.5786407766990291,2.715,0.3101085094231868
P008_T3,P008,visit,notre_dame,empty,low,moderate,0,0,1,1,1,1,1,10,2,0,9,5,2,13,12,4,42.51,42.510000000000005,25.67,0.6038579157845213,2.508,0.0589978828510938,4.056,0.0954128440366972,10.276,0.2417313573276875
P008_T4,P008,feature,duomo,low,empty,moderate,0,0,1,1,1,1,1,5,0,0,2,2,1,6,5,4,11.772,11.772,0.98,0.0832483860006795,3.962,0.336561331974176,3.704,0.3146449201495073,3.126,0.2655453618756371
P009_T1,P009,visit,cologne,empty,low,moderate,0,0,1,1,1,1,1,8,1,0,6,3,2,10,9,4,25.591,25.591,6.803,0.2658356453440663,4.042,0.1579461529443945,10.2,0.3985776249462701,4.546,0.177640576765269
P009_T2,P009,feature,notre_dame,moderate,empty,empty,0,1,1,0,1,1,1,7,4,0,8,6,-2,12,11,4,45.263,45.263000000000005,14.256,0.3149592382299008,5.041,0.1113713187371583,20.707,0.4574818284249828,5.259,0.1161876146079579
P009_T3,P009,visit,colosseum,high,empty,moderate,0,0,1,1,1,1,1,6,1,0,4,4,-1,8,7,4,20.55,20.55,2.197,0.1069099756690997,1.642,0.0799026763990267,11.009,0.5357177615571777,5.702,0.2774695863746959
P009_T4,P009,feature,duomo,low,empty,empty,0,1,1,0,1,1,1,4,4,0,5,4,-1,9,8,4,20.257,20.257,6.03,0.2976748778200128,4.957,0.2447055338895196,2.94,0.1451350150565236,6.33,0.3124845732339438
P010_T1,P010,feature,notre_dame,moderate,empty,low,0,0,1,1,1,1,1,3,2,0,2,2,-1,6,5,4,14.765,14.765999999999998,0.576,0.0390085331166192,2.077,0.1406609779222538,8.697,0.5889882161722877,3.416,0.2313422727888392
P010_T2,P010,visit,duomo,high,empty,low,0,0,1,1,1,1,1,5,1,0,3,2,-2,7,6,4,7.851,7.851,0.559,0.0712011208763215,2.231,0.2841676219589861,1.315,0.1674945866768564,3.746,0.4771366704878359
P010_T3,P010,feature,colosseum,low,empty,low,1,0,0,1,1,1,1,4,1,0,2,2,0,6,5,4,13.988,13.988,0.496,0.0354589648269945,11.728,0.8384329425221618,0.588,0.0420360308836145,1.176,0.084072061767229
P010_T4,P010,visit,cologne,empty,low,low,0,1,1,0,1,1,1,4,1,0,2,2,1,6,5,4,7.77,7.771,4.322,0.5561703770428517,1.864,0.2398661690902072,0.449,0.0577789216317076,1.136,0.1461845322352335
P011_T1,P011,feature,colosseum,high,low,moderate,0,0,1,1,0,0,0,1,1,0,0,1,-1,3,2,3,12.564,12.554,0.0,0.0,1.178,0.0938346343794806,4.025,0.3206149434443205,7.351,0.5855504221761988
P011_T2,P011,visit,cologne,moderate,high,high,0,1,1,0,0,1,0,1,2,0,1,2,1,4,3,3,19.848,19.847,0.0,0.0,3.51,0.176852924875296,6.573,0.33118355418955,9.764,0.4919635209351539
P011_T3,P011,feature,notre_dame,low,low,low,1,1,0,0,0,1,1,4,0,0,3,3,0,5,4,2,17.55,17.55,0.0,0.0,12.474,0.7107692307692307,5.076,0.2892307692307692,0.0,0.0
P011_T4,P011,visit,duomo,empty,high,moderate,0,0,1,1,1,0,0,1,2,0,0,2,2,4,3,4,11.2,11.201,6.688,0.5970895455762878,0.965,0.0861530220516025,2.197,0.196143201499866,1.351,0.1206142308722435
P012_T1,P012,feature,colosseum,moderate,low,empty,0,0,1,1,1,1,1,6,3,0,6,4,-2,10,9,4,40.808,40.808,10.545,0.2584052146637914,2.271,0.0556508527739658,16.32,0.3999215840031366,11.672,0.2860223485591061
P012_T2,P012,visit,duomo,high,empty,high,1,0,0,1,1,1,1,3,1,0,1,1,0,5,4,4,10.288,10.288,0.464,0.0451010886469673,2.336,0.2270606531881804,0.632,0.0614307931570762,6.856,0.666407465007776
P012_T3,P012,feature,cologne,low,moderate,empty,0,0,1,1,1,0,0,2,1,0,0,1,-1,4,3,4,9.608,9.608,3.432,0.3572023313905079,5.216,0.5428809325562032,0.496,0.0516236469608659,0.464,0.0482930890924229
P012_T4,P012,visit,notre_dame,empty,low,high,0,0,1,1,1,0,0,3,0,0,0,0,3,4,3,4,13.92,13.92,2.824,0.2028735632183907,4.184,0.3005747126436782,0.656,0.0471264367816091,6.256,0.4494252873563218
P013_T1,P013,feature,duomo,empty,low,moderate,0,0,1,1,1,1,0,12,0,0,9,8,2,13,12,4,13.905,13.904,3.045,0.2190017261219793,3.637,0.2615794016110472,5.917,0.4255609896432681,1.305,0.0938578826237054
P013_T2,P013,visit,cologne,moderate,empty,moderate,1,0,0,1,1,1,1,6,1,0,4,4,0,8,7,4,9.727,9.727,1.23,0.1264521435180425,1.485,0.1526678318083684,5.571,0.572735684178061,1.441,0.1481443404955279
P013_T3,P013,feature,notre_dame,low,empty,empty,0,1,1,0,1,1,1,5,1,0,3,2,-1,7,6,4,5.355,5.354,1.304,0.2435562196488606,2.842,0.5308180799402316,0.638,0.1191632424355622,0.57,0.1064624579753455
P013_T4,P013,visit,colosseum,high,empty,empty,0,1,1,0,1,1,1,3,2,0,2,2,-3,6,5,4,6.458,6.457,1.41,0.2183676630013938,0.45,0.0696918073408703,0.405,0.0627226266067833,4.192,0.6492179030509525
P014_T1,P014,visit,colosseum,moderate,high,moderate,1,0,0,1,0,1,1,2,0,0,1,1,0,3,2,2,17.464,17.464000000000002,0.0,0.0,0.0,0.0,16.184,0.9267063673843334,1.28,0.0732936326156665
P014_T2,P014,feature,cologne,low,moderate,high,0,0,1,1,0,1,0,4,0,0,2,2,2,5,4,3,6.504,6.504,0.0,0.0,1.904,0.2927429274292743,1.512,0.2324723247232472,3.088,0.4747847478474785
P014_T3,P014,visit,notre_dame,empty,moderate,high,0,0,1,1,1,1,0,3,2,0,2,4,3,6,5,4,9.48,9.479,4.392,0.4633400147694904,0.552,0.058233990927313,2.072,0.2185884586981749,2.463,0.2598375356050216
P014_T4,P014,feature,duomo,high,moderate,high,1,0,0,1,0,1,1,2,0,0,1,1,0,3,2,2,6.888,6.888000000000001,0.0,0.0,0.0,0.0,0.807,0.1171602787456446,6.081,0.8828397212543554
P015_T1,P015,feature,colosseum,empty,low,moderate,0,0,1,1,1,1,1,9,1,0,7,5,2,11,10,4,41.386,41.386,11.776,0.2845406659256754,1.095,0.0264582225873483,12.397,0.2995457401053497,16.118,0.3894553713816266
P015_T2,P015,visit,duomo,low,moderate,moderate,0,1,1,0,1,1,1,15,0,0,12,8,1,16,15,4,27.22,27.22,0.555,0.0203894195444526,13.299,0.4885745775165319,10.367,0.3808596620132256,2.999,0.1101763409257898
P015_T3,P015,feature,cologne,high,moderate,low,0,0,1,1,1,1,0,4,0,0,1,1,-2,5,4,4,10.237,10.237,1.493,0.1458435088404806,2.676,0.2614047084106672,0.495,0.0483540099638565,5.573,0.5443977727849957
P015_T4,P015,visit,notre_dame,moderate,low,low,0,1,1,0,1,1,1,9,0,0,6,4,-1,10,9,4,19.936,19.936,0.952,0.047752808988764,3.563,0.1787219101123595,14.461,0.7253711878009631,0.96,0.0481540930979133
P016_T1,P016,feature,colosseum,moderate,empty,high,0,0,1,1,1,1,1,9,1,0,7,3,1,11,10,4,12.406,12.406,2.189,0.1764468805416734,1.762,0.142028050943092,5.169,0.4166532323069483,3.286,0.2648718362082863
P016_T2,P016,visit,duomo,high,empty,low,0,0,1,1,0,0,0,1,1,0,0,1,-2,3,2,3,15.09,15.090000000000002,0.771,0.051093439363817,1.343,0.0889993373094764,0.0,0.0,12.976,0.8599072233267064
P016_T3,P016,feature,cologne,low,low,low,1,1,0,0,0,0,0,0,0,0,0,0,0,1,0,1,2.76,2.76,0.0,0.0,2.76,1.0,0.0,0.0,0.0,0.0
P016_T4,P016,visit,notre_dame,empty,high,high,0,1,1,0,0,0,0,0,1,0,0,0,3,2,1,2,10.343,10.343,8.303,0.8027651551774148,0.0,0.0,0.0,0.0,2.04,0.1972348448225853
P017_T1,P017,feature,duomo,moderate,moderate,moderate,1,1,0,0,0,0,0,0,0,0,0,0,0,1,0,1,5.453,5.453,0.0,0.0,0.0,0.0,5.453,1.0,0.0,0.0
P017_T2,P017,visit,colosseum,high,high,high,1,1,0,0,0,0,0,0,0,0,0,0,0,1,0,1,6.728,6.728,0.0,0.0,0.0,0.0,0.0,0.0,6.728,1.0
P017_T3,P017,feature,cologne,empty,empty,empty,1,1,0,0,0,0,0,0,0,0,0,0,0,1,0,1,9.038,9.038,9.038,1.0,0.0,0.0,0.0,0.0,0.0,0.0
P017_T4,P017,visit,notre_dame,low,low,low,1,1,0,0,0,0,0,0,0,0,0,0,0,1,0,1,4.928,4.928,0.0,0.0,4.928,1.0,0.0,0.0,0.0,0.0
P018_T1,P018,feature,colosseum,moderate,empty,low,0,0,1,1,0,1,1,1,2,0,1,2,-1,4,3,3,6.891,6.891,1.868,0.2710782179654622,1.453,0.2108547380641416,3.57,0.5180670439703962,0.0,0.0
P018_T2,P018,visit,duomo,low,low,low,1,1,0,0,0,0,0,0,0,0,0,0,0,1,0,1,4.082,4.082,0.0,0.0,4.082,1.0,0.0,0.0,0.0,0.0
P018_T3,P018,feature,cologne,empty,low,low,0,1,1,0,0,0,0,1,0,0,0,0,1,2,1,2,5.488,5.488,4.093,0.7458090379008747,1.395,0.2541909620991254,0.0,0.0,0.0,0.0
P018_T4,P018,visit,notre_dame,high,high,high,1,1,0,0,0,0,0,0,0,0,0,0,0,1,0,1,3.113,3.113,0.0,0.0,0.0,0.0,0.0,0.0,3.113,1.0
P019_T1,P019,visit,duomo,high,empty,high,1,0,0,1,1,1,1,9,2,0,8,5,0,12,11,4,7.043,7.042999999999999,0.945,0.134175777367599,1.329,0.1886979980122107,0.749,0.1063467272469118,4.02,0.5707794973732784
P019_T2,P019,feature,cologne,low,empty,high,0,0,1,1,1,1,1,4,0,0,1,1,2,5,4,4,3.997,3.997,0.383,0.0958218663997998,1.867,0.4671003252439329,0.307,0.0768076057042782,1.44,0.360270202651989
P019_T3,P019,visit,notre_dame,moderate,empty,moderate,1,0,0,1,1,1,1,5,2,0,4,3,0,8,7,4,7.41,7.41,0.907,0.1224021592442645,1.447,0.19527665317139,3.967,0.535357624831309,1.089,0.1469635627530364
P019_T4,P019,feature,colosseum,empty,low,low,0,1,1,0,1,1,0,3,1,0,1,1,1,5,4,4,9.166,9.167,2.469,0.2693356605214356,2.813,0.3068615686702302,1.208,0.131777026289953,2.677,0.2920257445183811
P020_T1,P020,feature,notre_dame,low,empty,high,0,0,1,1,1,1,1,4,0,0,1,1,2,5,4,4,12.485,12.486,0.886,0.0709594746115649,8.265,0.66194137433926,1.211,0.096988627262534,2.124,0.170110523786641
P020_T2,P020,visit,colosseum,high,empty,high,1,0,0,1,1,1,1,3,1,0,1,1,0,5,4,4,8.667,8.667,1.388,0.1601476866274374,1.277,0.1473404869043498,1.225,0.1413407176647052,4.777,0.5511711088035076
P020_T3,P020,feature,duomo,moderate,empty,high,0,0,1,1,1,1,1,3,1,0,1,1,1,5,4,4,10.565,10.564,3.381,0.3200492237788716,1.427,0.1350814085573646,3.91,0.3701249526694434,1.846,0.1747444149943203
P020_T4,P020,visit,cologne,empty,low,high,0,0,1,1,1,0,0,3,0,0,0,0,3,4,3,4,7.19,7.189,3.2,0.4451244957574071,0.973,0.1353456669912366,1.081,0.1503686187230491,1.935,0.2691612185283071
P021_T1,P021,visit,notre_dame,empty,low,empty,1,0,0,1,1,1,1,5,1,0,3,3,0,7,6,4,33.662,33.662,16.022,0.4759669657180203,5.864,0.1742023646842136,2.13,0.0632760976769057,9.646,0.2865545719208603
P021_T2,P021,feature,colosseum,moderate,empty,empty,0,1,1,0,0,0,0,0,1,0,0,0,-2,2,1,2,51.625,51.625,32.595,0.6313801452784503,0.0,0.0,19.03,0.3686198547215497,0.0,0.0
P021_T3,P021,visit,duomo,low,empty,high,0,0,1,1,1,1,1,4,0,0,1,1,2,5,4,4,6.547,6.547000000000001,0.855,0.1305941652665342,3.623,0.5533832289598289,0.704,0.1075301664884679,1.365,0.2084924392851687
P021_T4,P021,feature,cologne,high,empty,empty,0,1,1,0,1,1,1,3,2,0,2,2,-3,6,5,4,8.873,8.873,3.352,0.3777752733010256,0.593,0.0668319621323115,0.547,0.0616476952552688,4.381,0.4937450693113941
P022_T1,P022,feature,notre_dame,empty,low,low,0,1,1,0,1,1,1,7,1,0,5,4,1,9,8,4,8.175,8.175,3.12,0.3816513761467889,3.242,0.3965749235474006,1.393,0.1703975535168195,0.42,0.0513761467889908
P022_T2,P022,visit,duomo,low,moderate,low,1,0,0,1,1,1,1,6,2,0,5,3,0,9,8,4,8.408,8.408,0.6,0.071360608943863,5.677,0.6751902949571836,0.992,0.1179828734538534,1.139,0.1354662226450999
P022_T3,P022,feature,colosseum,moderate,low,low,0,1,1,0,1,1,0,2,2,0,1,2,-1,5,4,4,6.068,6.069,1.027,0.1692206294282418,1.426,0.23496457406492,2.926,0.4821222606689735,0.69,0.1136925358378645
P022_T4,P022,visit,cologne,high,low,low,0,1,1,0,0,0,0,0,1,0,0,0,-2,2,1,2,4.68,4.679,0.0,0.0,1.507,0.3220773669587518,0.0,0.0,3.172,0.6779226330412481
P023_T1,P023,feature,cologne,high,moderate,moderate,0,1,1,0,0,1,1,3,0,0,2,2,-1,4,3,2,9.817,9.817,0.0,0.0,0.0,0.0,4.138,0.4215137007232352,5.679,0.5784862992767648
P023_T2,P023,visit,notre_dame,moderate,moderate,moderate,1,1,0,0,0,0,0,0,0,0,0,0,0,1,0,1,4.087,4.087,0.0,0.0,0.0,0.0,4.087,1.0,0.0,0.0
P023_T3,P023,feature,duomo,low,low,low,1,1,0,0,0,0,0,0,0,0,0,0,0,1,0,1,1.674,1.674,0.0,0.0,1.674,1.0,0.0,0.0,0.0,0.0
P023_T4,P023,visit,colosseum,empty,empty,empty,1,1,0,0,0,0,0,0,0,0,0,0,0,1,0,1,1.567,1.567,1.567,1.0,0.0,0.0,0.0,0.0,0.0,0.0
P024_T1,P024,visit,colosseum,moderate,empty,moderate,1,0,0,1,1,1,1,8,1,0,6,3,0,10,9,4,40.2,40.2,4.478,0.1113930348258706,7.082,0.1761691542288557,14.675,0.3650497512437811,13.965,0.3473880597014925
P024_T2,P024,feature,duomo,low,moderate,moderate,0,1,1,0,0,0,0,1,0,0,0,0,1,2,1,2,31.594,31.594,0.0,0.0,27.034,0.8556687978730139,4.56,0.1443312021269861,0.0,0.0
P024_T3,P024,visit,cologne,empty,moderate,moderate,0,1,1,0,0,0,0,0,1,0,0,0,2,2,1,2,19.494,19.494,4.682,0.2401764645531958,0.0,0.0,14.812,0.7598235354468041,0.0,0.0
P024_T4,P024,feature,notre_dame,high,moderate,moderate,0,1,1,0,0,0,0,1,0,0,0,0,-1,2,1,2,21.098,21.098,0.0,0.0,0.0,0.0,9.615,0.4557304009858755,11.483,0.5442695990141246
P025_T1,P025,visit,notre_dame,low,moderate,low,1,0,0,1,1,1,1,7,2,0,6,5,0,10,9,4,27.216,27.216,1.864,0.0684891240446796,17.694,0.6501322751322751,4.358,0.1601263962375073,3.3,0.1212522045855379
P025_T2,P025,feature,duomo,high,empty,low,0,0,1,1,1,1,1,3,2,0,2,2,-2,6,5,4,21.606,21.606,1.864,0.0862723317596964,4.273,0.1977691382023512,2.376,0.1099694529297417,13.093,0.6059890771082107
P025_T3,P025,visit,colosseum,moderate,high,moderate,1,0,0,1,1,1,1,4,1,0,2,2,0,6,5,4,18.705,18.705,1.45,0.0775193798449612,3.506,0.187436514300989,9.963,0.5326383319967923,3.786,0.2024057738572574
P025_T4,P025,feature,cologne,empty,high,low,0,0,1,1,1,1,1,5,2,0,4,3,1,8,7,4,13.826,13.826,6.716,0.4857514827137277,2.274,0.164472732532909,1.402,0.1014031534789526,3.434,0.2483726312744105
P026_T1,P026,feature,colosseum,moderate,empty,empty,0,1,1,0,1,1,1,3,2,0,2,2,-2,6,5,4,18.803,18.803,8.423,0.447960431845982,1.71,0.0909429346380896,6.848,0.3641972025740573,1.822,0.0968994309418709
P026_T2,P026,visit,cologne,high,empty,empty,0,1,1,0,1,1,1,3,2,0,2,2,-3,6,5,4,12.578,12.578,4.957,0.394100810939736,1.702,0.1353156304658928,1.515,0.1204484019716966,4.404,0.3501351566226745
P026_T3,P026,feature,notre_dame,low,moderate,high,0,0,1,1,0,0,0,2,0,0,0,0,2,3,2,3,21.538,21.538,0.0,0.0,19.453,0.903194354164732,0.84,0.0390008357321942,1.245,0.0578048101030736
P026_T4,P026,visit,duomo,empty,low,empty,1,0,0,1,1,1,1,3,1,0,1,1,0,5,4,4,8.446,8.446,5.956,0.7051858868103245,1.133,0.1341463414634146,0.57,0.0674875680795642,0.787,0.0931802036466966
P027_T1,P027,feature,cologne,empty,low,high,0,0,1,1,1,1,1,3,2,0,2,2,3,6,5,4,23.711,23.711,9.488,0.400151828265362,1.601,0.0675214035679642,1.426,0.0601408628906414,11.196,0.4721859052760322
P027_T2,P027,visit,notre_dame,low,empty,empty,0,1,1,0,1,1,1,4,1,0,2,2,-1,6,5,4,17.219,17.219,5.496,0.3191822986236134,6.131,0.356060166095592,1.833,0.1064521749230501,3.759,0.2183053603577443
P027_T3,P027,feature,duomo,moderate,empty,empty,0,1,1,0,1,1,1,3,4,0,4,4,-2,8,7,4,38.726,38.726,10.626,0.2743892991788462,1.361,0.0351443474668181,6.699,0.1729845581779683,20.04,0.5174817951763673
P027_T4,P027,visit,colosseum,high,high,high,1,1,0,0,0,0,0,0,0,0,0,0,0,1,0,1,6.64,6.64,0.0,0.0,0.0,0.0,0.0,0.0,6.64,1.0
P028_T1,P028,feature,notre_dame,moderate,empty,moderate,1,0,0,1,1,1,1,4,1,0,2,2,0,6,5,4,9.826,9.826,0.95,0.0966822715245267,1.221,0.1242621616120496,6.767,0.6886830856910238,0.888,0.0903724811723997
P028_T2,P028,visit,colosseum,high,moderate,moderate,0,1,1,0,1,1,0,3,1,0,1,1,-1,5,4,4,6.83,6.83,1.048,0.1534407027818448,0.938,0.1373352855051244,2.48,0.363103953147877,2.364,0.3461200585651537
P028_T3,P028,feature,duomo,low,moderate,moderate,0,1,1,0,1,1,1,4,1,0,2,2,1,6,5,4,9.98,9.98,0.764,0.0765531062124248,3.473,0.3479959919839679,4.019,0.4027054108216433,1.724,0.1727454909819639
P028_T4,P028,visit,cologne,empty,low,moderate,0,0,1,1,1,1,0,4,0,0,1,1,2,5,4,4,9.47,9.47,2.131,0.225026399155227,2.117,0.2235480464625132,2.512,0.2652587117212249,2.71,0.2861668426610348
P029_T1,P029,feature,duomo,high,empty,high,1,0,0,1,1,1,1,3,1,0,1,1,0,5,4,4,4.736,4.737,0.265,0.055942579691788,0.264,0.0557314756174794,0.288,0.0607979734008866,3.92,0.8275279712898459
P029_T2,P029,visit,colosseum,moderate,empty,high,0,0,1,1,1,1,1,3,2,0,2,3,1,6,5,4,6.129,6.129,0.312,0.0509055310817425,0.312,0.0509055310817425,2.704,0.441181269375102,2.801,0.4570076684614129
P029_T3,P029,feature,cologne,empty,low,high,0,0,1,1,1,0,0,3,0,0,0,0,3,4,3,4,4.152,4.152,2.289,0.5513005780346821,0.271,0.0652697495183044,0.32,0.0770712909441233,1.272,0.3063583815028902
P029_T4,P029,visit,notre_dame,low,empty,high,0,0,1,1,1,1,1,4,0,0,1,1,2,5,4,4,3.665,3.665,0.256,0.069849931787176,1.93,0.5266030013642564,0.271,0.0739427012278308,1.208,0.3296043656207367
P030_T1,P030,visit,colosseum,moderate,empty,empty,0,1,1,0,1,1,1,4,2,0,3,2,-2,7,6,4,12.357,12.356,2.474,0.2002266105535772,1.016,0.0822272580123017,7.795,0.6308675946908384,1.071,0.0866785367432826
P030_T2,P030,feature,cologne,low,empty,empty,0,1,1,0,1,1,1,7,2,0,6,4,-1,10,9,4,19.566,19.567,1.919,0.0980732866561046,6.254,0.3196197679766954,1.243,0.0635253232483262,10.151,0.5187816221188736
P030_T3,P030,visit,notre_dame,empty,low,empty,1,0,0,1,1,1,1,7,2,0,6,3,0,10,9,4,14.282,14.282,7.768,0.5439014143677356,1.283,0.0898333566727349,1.236,0.086542501050273,3.995,0.2797227279092564
P030_T4,P030,feature,duomo,high,moderate,empty,0,0,1,1,1,1,1,9,0,0,6,2,-3,10,9,4,10.586,10.585,3.866,0.3652338214454416,1.343,0.12687765706188,1.459,0.137836561171469,3.917,0.3700519603212092
P031_T1,P031,feature,notre_dame,empty,low,moderate,0,0,1,1,1,1,1,6,1,0,4,2,2,8,7,4,23.051,23.051,9.942,0.431304498720229,2.249,0.0975662661055919,7.716,0.3347360201292785,3.144,0.1363932150449004
P031_T2,P031,visit,duomo,high,empty,empty,0,1,1,0,1,1,1,8,1,0,6,4,-3,10,9,4,23.027,23.028,3.469,0.1506426958485322,7.394,0.3210873718950843,2.6,0.1129060274448497,9.565,0.4153639048115338
P031_T3,P031,feature,colosseum,moderate,high,low,0,0,1,1,1,0,0,2,1,0,0,2,-1,4,3,4,27.001,27.002,1.1,0.0407377231316198,3.1,0.114806310643656,20.708,0.7669061550996222,2.094,0.0775498111251018
P031_T4,P031,visit,cologne,low,moderate,moderate,0,1,1,0,0,0,0,1,0,0,0,0,1,2,1,2,7.723,7.723000000000001,0.0,0.0,6.557,0.8490224006215201,1.166,0.1509775993784798,0.0,0.0
P032_T1,P032,visit,colosseum,low,empty,high,0,0,1,1,1,1,1,4,0,0,1,1,2,5,4,4,8.776,8.776,1.28,0.145852324521422,5.856,0.6672743846855059,0.513,0.0584548769371011,1.127,0.1284184138559708
P032_T2,P032,feature,duomo,empty,low,high,0,0,1,1,1,1,1,2,2,0,1,2,3,5,4,4,4.12,4.12,2.208,0.5359223300970875,0.401,0.0973300970873786,0.607,0.1473300970873786,0.904,0.2194174757281553
P032_T3,P032,visit,cologne,moderate,empty,high,0,0,1,1,1,1,1,3,1,0,1,1,1,5,4,4,4.537,4.537,0.36,0.0793475865109103,0.442,0.0974212034383954,2.407,0.5305267798104475,1.328,0.2927044302402469
P032_T4,P032,feature,notre_dame,high,empty,high,1,0,0,1,1,1,1,3,1,0,1,1,0,5,4,4,3.968,3.968,0.456,0.1149193548387096,0.584,0.1471774193548387,0.384,0.0967741935483871,2.544,0.6411290322580645
P033_T1,P033,feature,colosseum,high,empty,high,1,0,0,1,1,1,1,3,1,0,1,1,0,5,4,4,17.551,17.551000000000002,2.94,0.1675118226881659,2.887,0.1644920517349438,3.503,0.1995897669648453,8.221,0.4684063586120448
P033_T2,P033,visit,cologne,moderate,empty,high,0,0,1,1,1,1,1,3,1,0,1,1,1,5,4,4,14.813,14.813,3.608,0.2435698373050699,2.738,0.1848376426112198,5.422,0.3660298386552352,3.045,0.205562681428475
P033_T3,P033,feature,notre_dame,empty,empty,high,0,0,1,1,1,0,0,3,0,0,0,0,3,4,3,4,13.238,13.238,3.908,0.2952107569119202,3.585,0.2708113008007252,2.617,0.1976884725789394,3.128,0.2362894697084152
P033_T4,P033,visit,duomo,low,empty,empty,0,1,1,0,0,0,0,1,0,0,0,0,-1,2,1,2,8.131,8.131,2.205,0.271184356167753,5.926,0.728815643832247,0.0,0.0,0.0,0.0
P034_T1,P034,visit,notre_dame,empty,empty,high,0,0,1,1,1,0,0,3,0,0,0,0,3,4,3,4,12.9,12.9,8.04,0.6232558139534884,1.455,0.1127906976744186,1.38,0.1069767441860465,2.025,0.1569767441860465
P034_T2,P034,feature,duomo,high,low,empty,0,0,1,1,1,1,1,2,2,0,1,2,-3,5,4,4,16.875,16.875,2.19,0.1297777777777777,2.265,0.1342222222222222,1.815,0.1075555555555555,10.605,0.6284444444444445
P034_T3,P034,visit,colosseum,low,moderate,empty,0,0,1,1,1,1,1,2,2,0,1,3,-1,5,4,4,13.253,13.254,1.553,0.1171721744379055,7.981,0.6021578391429002,1.943,0.1465972536592726,1.777,0.1340727327599215
P034_T4,P034,feature,cologne,moderate,low,high,0,0,1,1,1,1,1,3,1,0,1,1,1,5,4,4,11.648,11.648,1.86,0.1596840659340659,1.777,0.1525583791208791,6.938,0.5956387362637362,1.073,0.0921188186813186
P035_T1,P035,visit,notre_dame,high,empty,moderate,0,0,1,1,1,1,1,4,1,0,2,2,-1,6,5,4,19.627,19.628,3.998,0.203688608110862,4.253,0.2166802527002241,5.955,0.3033931118809863,5.422,0.2762380273079274
P035_T2,P035,feature,duomo,moderate,empty,moderate,1,0,0,1,1,1,1,4,1,0,2,2,0,6,5,4,14.379,14.379,1.344,0.09346964322971,1.8,0.125182557896933,7.8,0.5424577508867098,3.435,0.2388900479866472
P035_T3,P035,visit,colosseum,low,empty,low,1,0,0,1,1,1,1,6,0,0,3,2,0,7,6,4,19.253,19.254,2.414,0.1253765451334787,9.867,0.5124649423496417,4.048,0.2102420276306222,2.925,0.1519164848862574
P035_T4,P035,feature,cologne,empty,low,moderate,0,0,1,1,1,1,1,4,2,0,3,4,2,7,6,4,19.439,19.439,6.303,0.3242450743350995,4.506,0.2318020474304233,3.679,0.1892587067235968,4.951,0.2546941715108802
P036_T1,P036,visit,cologne,high,empty,high,1,0,0,1,1,1,1,3,1,0,1,1,0,5,4,4,12.798,12.798,1.662,0.1298640412564463,3.207,0.2505860290670417,1.104,0.0862634786685419,6.825,0.53328645100797
P036_T2,P036,feature,notre_dame,empty,high,moderate,0,0,1,1,1,1,1,3,2,0,2,2,2,6,5,4,21.152,21.152,12.191,0.5763521180030258,1.23,0.0581505295007564,6.738,0.3185514372163389,0.993,0.0469459152798789
P036_T3,P036,visit,duomo,moderate,high,low,0,0,1,1,1,1,1,6,1,0,4,3,-1,8,7,4,34.146,34.146,0.676,0.0197973408305511,22.443,0.6572658583728694,8.489,0.2486089146605752,2.538,0.0743278861360042
P036_T4,P036,feature,colosseum,low,empty,moderate,0,0,1,1,1,1,1,7,0,0,4,4,1,8,7,4,42.629,42.629,1.313,0.0308006286800065,13.654,0.320298388421028,11.95,0.2803255999437003,15.712,0.3685753829552652
P037_T1,P037,visit,cologne,high,low,moderate,0,0,1,1,0,0,0,1,1,0,0,1,-1,3,2,3,7.683,7.682,0.0,0.0,0.79,0.1028378026555584,2.772,0.360843530330643,4.12,0.5363186670137985
P037_T2,P037,feature,notre_dame,low,moderate,moderate,0,1,1,0,0,1,0,3,0,0,1,1,1,4,3,3,14.753,14.753,0.0,0.0,7.961,0.5396190605300617,5.811,0.3938859892903138,0.981,0.0664949501796244
P037_T3,P037,visit,colosseum,moderate,high,moderate,1,0,0,1,1,1,1,6,1,0,4,3,0,8,7,4,12.33,12.332,0.667,0.0540869283165747,1.663,0.134852416477457,7.53,0.6106065520596821,2.472,0.200454103146286
P037_T4,P037,feature,duomo,empty,moderate,moderate,0,1,1,0,0,1,0,2,1,0,1,1,2,4,3,3,12.594,12.594,7.489,0.5946482451961251,0.0,0.0,3.852,0.3058599333015722,1.253,0.0994918215023026
P038_T1,P038,visit,colosseum,low,empty,empty,0,1,1,0,1,1,1,5,1,0,3,2,-1,7,6,4,12.162,12.162,5.816,0.4782108205887189,4.737,0.3894918598914652,0.675,0.0555007400098668,0.934,0.076796579509949
P038_T2,P038,feature,cologne,high,empty,empty,0,1,1,0,1,1,1,16,2,0,15,10,-3,19,18,4,26.64,26.64,7.942,0.2981231231231231,12.96,0.4864864864864865,1.215,0.0456081081081081,4.523,0.1697822822822822
P038_T3,P038,visit,notre_dame,moderate,low,empty,0,0,1,1,1,1,1,12,0,0,9,4,-2,13,12,4,19.519,19.52,2.7,0.1383196721311475,4.016,0.2057377049180327,12.106,0.6201844262295082,0.698,0.0357581967213114
P038_T4,P038,feature,duomo,empty,low,empty,1,0,0,1,1,1,1,5,1,0,3,3,0,7,6,4,6.638,6.638,3.286,0.4950286230792407,0.382,0.0575474540524254,0.956,0.1440192829165411,2.014,0.3034046399517927
P039_T1,P039,visit,duomo,empty,low,empty,1,0,0,1,1,1,1,3,1,0,1,1,0,5,4,4,17.918,17.918,7.913,0.4416229489898426,3.6,0.200915280723295,3.082,0.1720058042192209,3.323,0.1854559660676414
P039_T2,P039,feature,colosseum,low,empty,moderate,0,0,1,1,1,1,1,5,0,0,2,2,1,6,5,4,15.9,15.9,2.475,0.1556603773584905,6.743,0.4240880503144654,4.155,0.2613207547169811,2.527,0.1589308176100629
P039_T3,P039,visit,cologne,high,empty,empty,0,1,1,0,1,1,1,3,2,0,2,2,-3,6,5,4,12.894,12.895,3.353,0.26002326483133,2.078,0.1611477316789453,1.867,0.1447848003101977,5.597,0.434044203179527
P039_T4,P039,feature,notre_dame,moderate,empty,empty,0,1,1,0,1,1,1,4,3,0,4,4,-2,8,7,4,15.774,15.774,3.992,0.2530746798529225,3.66,0.2320273868391023,5.774,0.3660453911499936,2.348,0.1488525421579814
P040_T1,P040,feature,cologne,moderate,empty,high,0,0,1,1,1,1,1,9,3,0,9,5,1,13,12,4,17.401,17.401,2.573,0.1478650652261364,3.472,0.1995287627147865,5.273,0.3030285615769209,6.083,0.3495776104821562
P040_T2,P040,visit,notre_dame,high,empty,empty,0,1,1,0,1,1,1,5,2,0,4,4,-3,8,7,4,14.784,14.784,4.883,0.3302895021645021,2.873,0.1943317099567099,1.417,0.0958468614718614,5.611,0.3795319264069264
P040_T3,P040,feature,colosseum,low,empty,moderate,0,0,1,1,1,1,1,9,0,0,6,3,1,10,9,4,13.254,13.254,2.79,0.2105024898143956,4.86,0.3666817564508827,3.736,0.281877169156481,1.868,0.1409385845782405
P040_T4,P040,visit,duomo,empty,low,moderate,0,0,1,1,1,1,1,6,1,0,4,2,2,8,7,4,9.204,9.204,2.071,0.2250108648413733,2.505,0.2721642764015645,2.468,0.2681442850934376,2.16,0.2346805736636245
P041_T1,P041,feature,cologne,low,empty,moderate,0,0,1,1,1,1,1,5,0,0,2,2,1,6,5,4,16.481,16.481,1.092,0.0662581154056185,11.997,0.727929130513925,2.595,0.1574540379831321,0.797,0.0483587160973241
P041_T2,P041,visit,notre_dame,moderate,empty,moderate,1,0,0,1,1,1,1,6,1,0,4,3,0,8,7,4,13.701,13.701,0.845,0.061674330340851,2.199,0.1604992336325815,9.478,0.6917743230421137,1.179,0.0860521129844536
P041_T3,P041,feature,colosseum,high,empty,moderate,0,0,1,1,1,1,1,4,1,0,2,2,-1,6,5,4,31.29,31.290000000000003,15.999,0.511313518696069,1.361,0.0434963247043783,3.473,0.1109939277724512,10.457,0.3341962288271013
P041_T4,P041,visit,duomo,empty,low,moderate,0,0,1,1,1,1,0,4,0,0,1,1,2,5,4,4,21.302,21.302,8.918,0.4186461365130034,5.244,0.2461740681626138,5.946,0.2791287203079522,1.194,0.0560510750164303
P042_T1,P042,visit,cologne,low,moderate,moderate,0,1,1,0,1,1,1,4,1,0,2,2,1,6,5,4,9.398,9.398,0.628,0.066822728240051,5.318,0.5658650776761013,2.298,0.2445201106618429,1.154,0.1227920834220046
P042_T2,P042,feature,notre_dame,high,empty,low,0,0,1,1,1,1,1,3,2,0,2,2,-2,6,5,4,10.629,10.628,1.236,0.1162965750846819,3.764,0.3541588257433195,0.943,0.088727888596161,4.685,0.4408167105758374
P042_T3,P042,visit,colosseum,empty,moderate,moderate,0,1,1,0,1,1,1,1,4,0,2,4,2,6,5,4,7.421,7.421,3.083,0.4154426627139199,0.72,0.097021964694785,1.473,0.1984907694380811,2.145,0.2890446031532138
P042_T4,P042,feature,duomo,moderate,high,moderate,1,0,0,1,1,1,1,2,2,0,1,2,0,5,4,4,6.723,6.723,0.825,0.1227130745203034,0.705,0.1048639000446229,4.438,0.6601219693589171,0.755,0.1123010560761564
P043_T1,P043,visit,duomo,high,low,high,1,0,0,1,1,1,1,2,2,0,1,1,0,5,4,4,9.518,9.519,0.66,0.069335014182162,1.282,0.1346780123962601,0.294,0.0308855972265994,7.283,0.7651013761949785
P043_T2,P043,feature,colosseum,low,low,low,1,1,0,0,0,0,0,0,0,0,0,0,0,1,0,1,4.921,4.921,0.0,0.0,4.921,1.0,0.0,0.0,0.0,0.0
P043_T3,P043,visit,cologne,moderate,empty,empty,0,1,1,0,1,1,1,4,2,0,3,2,-2,7,6,4,9.631,9.63,2.512,0.2608515057113187,1.552,0.1611630321910695,5.093,0.5288681204569055,0.473,0.0491173416407061
P043_T4,P043,feature,notre_dame,empty,low,moderate,0,0,1,1,1,1,0,4,1,0,2,2,2,6,5,4,4.642,4.643,1.53,0.3295283222054706,0.96,0.206762868834805,1.733,0.3732500538444971,0.42,0.0904587551152272
P044_T1,P044,feature,notre_dame,empty,low,low,0,1,1,0,1,1,0,3,1,0,1,1,1,5,4,4,12.382,12.382,3.87,0.3125504764981425,3.907,0.3155386851881764,1.298,0.104829591342271,3.307,0.2670812469714101
P044_T2,P044,visit,colosseum,low,empty,low,1,0,0,1,1,1,1,5,1,0,3,3,0,7,6,4,15.105,15.106,0.772,0.051105520985039,12.435,0.8231828412551304,0.482,0.0319078511849596,1.417,0.0938037865748709
P044_T3,P044,feature,duomo,moderate,empty,low,0,0,1,1,1,1,1,10,4,0,11,7,-1,15,14,4,55.758,55.758,44.155,0.7919043007281467,3.751,0.0672728577065174,5.324,0.0954840560995731,2.528,0.0453387854657627
P044_T4,P044,visit,cologne,high,moderate,low,0,0,1,1,1,1,1,6,2,0,5,3,-2,9,8,4,19.021,19.021,3.707,0.1948898585773618,4.477,0.2353714315756269,1.626,0.0854844645391935,9.211,0.4842542453078177
P045_T1,P045,visit,colosseum,empty,low,empty,1,0,0,1,1,1,1,3,1,0,1,1,0,5,4,4,22.332,22.331,10.079,0.4513456629797143,4.934,0.2209484573015091,3.669,0.1643007478393265,3.649,0.1634051318794501
P045_T2,P045,feature,duomo,low,moderate,empty,0,0,1,1,1,0,0,2,1,0,0,1,-1,4,3,4,13.08,13.08,3.788,0.2896024464831804,4.258,0.3255351681957186,2.495,0.1907492354740061,2.539,0.1941131498470948
P045_T3,P045,visit,cologne,moderate,high,moderate,1,0,0,1,1,1,1,3,1,0,1,2,0,5,4,4,21.636,21.636,4.349,0.201007579959327,3.965,0.1832593825106304,9.273,0.4285912368275097,4.049,0.1871418007025328
P045_T4,P045,feature,notre_dame,high,moderate,high,1,0,0,1,1,1,1,3,1,0,1,1,0,5,4,4,8.441,8.441,0.944,0.1118350906290723,0.679,0.0804407060774789,1.027,0.1216680488093827,5.791,0.6860561544840659
P046_T1,P046,visit,duomo,low,empty,moderate,0,0,1,1,1,1,0,3,1,0,1,2,1,5,4,4,16.201,16.201,4.806,0.2966483550398123,4.764,0.2940559224739213,4.191,0.2586877353249799,2.44,0.1506079871612863
P046_T2,P046,feature,colosseum,high,moderate,moderate,0,1,1,0,1,1,1,5,2,0,4,4,-1,8,7,4,22.477,22.476,2.994,0.1332087560064068,2.552,0.1135433351130094,8.791,0.3911283146467343,8.139,0.3621195942338494
P046_T3,P046,visit,cologne,moderate,empty,moderate,1,0,0,1,1,1,1,8,1,0,6,5,0,10,9,4,22.028,22.028,2.296,0.1042309787543127,4.457,0.202333393862357,13.226,0.6004176502633013,2.049,0.093017977120029
P046_T4,P046,feature,notre_dame,empty,low,low,0,1,1,0,1,1,0,3,1,0,1,1,1,5,4,4,16.548,16.548000000000002,5.689,0.3437877689146724,5.447,0.3291636451534928,2.749,0.1661227942953831,2.663,0.1609257916364515
P047_T1,P047,visit,duomo,moderate,low,low,0,1,1,0,1,1,0,3,2,0,2,3,-1,6,5,4,10.272,10.272,2.135,0.2078465732087227,3.114,0.3031542056074766,3.065,0.2983839563862928,1.958,0.1906152647975078
P047_T2,P047,feature,cologne,high,low,empty,0,0,1,1,0,0,0,1,1,0,0,0,-3,3,2,3,8.287,8.287,2.757,0.3326897550380113,0.465,0.056111982623386,0.0,0.0,5.065,0.6111982623386026
P047_T3,P047,visit,notre_dame,empty,low,low,0,1,1,0,0,0,0,1,0,0,0,0,1,2,1,2,10.779,10.779,9.008,0.8356990444382595,1.771,0.1643009555617404,0.0,0.0,0.0,0.0
P047_T4,P047,feature,colosseum,low,moderate,empty,0,0,1,1,1,1,1,4,2,0,3,3,-1,7,6,4,10.642,10.641,2.748,0.2582464054130251,4.85,0.4557842308053754,1.543,0.1450051686871534,1.5,0.140964195094446
P048_T1,P048,feature,duomo,empty,empty,low,0,0,1,1,1,1,1,4,1,0,2,2,1,6,5,4,17.489,17.489,9.809,0.5608668305792212,3.206,0.1833152267139344,2.2,0.1257933558236605,2.274,0.1300245868831837
P048_T2,P048,visit,colosseum,moderate,empty,moderate,1,0,0,1,1,1,1,4,2,0,3,3,0,7,6,4,14.499,14.499,1.57,0.1082833298848196,2.358,0.1626319056486654,9.146,0.6308021242844334,1.425,0.0982826401820815
P048_T3,P048,feature,cologne,high,empty,low,0,0,1,1,1,1,1,3,2,0,2,2,-2,6,5,4,9.994,9.994,1.781,0.1782069241544926,2.864,0.2865719431658995,0.672,0.0672403442065239,4.677,0.4679807884730838
P048_T4,P048,visit,notre_dame,low,empty,low,1,0,0,1,1,1,1,4,1,0,2,2,0,6,5,4,9.863,9.863,1.476,0.1496502078475109,6.55,0.6640981445807563,0.915,0.0927709621818919,0.922,0.0934806853898408
P049_T1,P049,feature,duomo,empty,empty,high,0,0,1,1,1,1,1,4,1,0,2,2,3,6,5,4,29.315,29.315,11.977,0.4085621695377793,2.712,0.0925123656830974,5.741,0.1958383080334299,8.885,0.3030871567456933
P049_T2,P049,visit,colosseum,low,empty,high,0,0,1,1,1,1,1,4,0,0,1,1,2,5,4,4,19.122,19.122,1.507,0.0788097479343164,9.021,0.4717602761217446,3.279,0.171477878882962,5.315,0.2779520970609769
P049_T3,P049,feature,cologne,high,empty,low,0,0,1,1,1,1,1,3,2,0,2,2,-2,6,5,4,15.435,15.435,1.199,0.0776805960479429,2.998,0.1942338840298024,1.234,0.0799481697440881,10.004,0.6481373501781664
P049_T4,P049,visit,notre_dame,moderate,empty,moderate,1,0,0,1,1,1,1,4,2,0,3,3,0,7,6,4,13.112,13.112,0.809,0.061699206833435,2.88,0.2196461256863941,7.379,0.5627669310555217,2.044,0.1558877364246491
P050_T1,P050,feature,cologne,high,empty,moderate,0,0,1,1,1,1,1,4,1,0,2,2,-1,6,5,4,6.465,6.465,0.45,0.0696055684454756,0.495,0.0765661252900232,1.201,0.185769528228925,4.319,0.6680587780355762
P050_T2,P050,visit,notre_dame,low,empty,low,1,0,0,1,1,1,1,4,1,0,2,2,0,6,5,4,4.455,4.455,0.585,0.1313131313131313,2.888,0.6482603815937149,0.345,0.0774410774410774,0.637,0.1429854096520763
P050_T3,P050,feature,colosseum,empty,low,high,0,0,1,1,1,0,0,3,0,0,0,0,3,4,3,4,3.825,3.826,1.515,0.3959749085206481,0.616,0.1610036591740721,0.48,0.1254573967590172,1.215,0.3175640355462624
P050_T4,P050,visit,duomo,moderate,low,low,0,1,1,0,1,1,1,7,0,0,4,2,-1,8,7,4,6.585,6.585,0.39,0.0592255125284738,1.515,0.2300683371298405,3.93,0.5968109339407746,0.75,0.1138952164009111
P051_T1,P051,feature,cologne,moderate,empty,low,0,0,1,1,1,1,1,3,2,0,2,2,-1,6,5,4,18.338,18.339,0.832,0.0453677954086918,5.519,0.3009433447843394,10.555,0.5755493756475272,1.433,0.0781394841594416
P051_T2,P051,visit,notre_dame,high,empty,moderate,0,0,1,1,1,1,1,4,1,0,2,2,-1,6,5,4,21.486,21.486,1.957,0.0910825653914176,1.335,0.062133482267523,3.171,0.1475844736107232,15.023,0.6991994787303359
P051_T3,P051,feature,duomo,empty,low,low,0,1,1,0,1,1,1,4,1,0,2,2,1,6,5,4,8.684,8.685,4.237,0.487852619458837,2.663,0.3066206102475532,0.517,0.0595279217040875,1.268,0.1459988485895221
P051_T4,P051,visit,colosseum,low,empty,low,1,0,0,1,1,1,1,6,0,0,3,2,0,7,6,4,10.455,10.456,0.51,0.0487758224942616,7.193,0.6879303749043612,1.838,0.1757842387146136,0.915,0.0875095638867635
P052_T1,P052,visit,duomo,low,empty,low,1,0,0,1,1,1,1,4,1,0,2,2,0,6,5,4,6.742,6.743,0.69,0.1023283405012605,4.08,0.6050719264422364,1.035,0.1534925107518908,0.938,0.1391072223046121
P052_T2,P052,feature,cologne,moderate,low,moderate,1,0,0,1,1,1,1,8,0,0,5,3,0,9,8,4,13.59,13.591,0.765,0.0562872489147229,3.412,0.2510484879699801,8.086,0.594952542123464,1.328,0.0977117209918328
P052_T3,P052,visit,notre_dame,empty,low,moderate,0,0,1,1,1,1,0,6,0,0,3,2,2,7,6,4,13.493,13.493,2.932,0.2172978581486696,3.925,0.2908915734084339,5.488,0.4067294152523531,1.148,0.0850811531905432
P052_T4,P052,feature,colosseum,high,moderate,moderate,0,1,1,0,1,1,0,5,0,0,2,1,-1,6,5,4,7.988,7.99,0.623,0.0779724655819774,1.366,0.1709637046307885,3.337,0.4176470588235294,2.664,0.3334167709637046
P053_T1,P053,feature,notre_dame,moderate,empty,high,0,0,1,1,1,1,1,3,1,0,1,1,1,5,4,4,18.431,18.43,1.664,0.0902875746066196,1.823,0.0989148128052089,11.977,0.6498643516006511,2.966,0.1609332609875203
P053_T2,P053,visit,duomo,low,empty,high,0,0,1,1,1,1,1,4,0,0,1,1,2,5,4,4,12.325,12.324,2.1,0.1703992210321324,6.371,0.5169587796170075,0.674,0.0546900357026939,3.179,0.2579519636481662
P053_T3,P053,feature,colosseum,high,empty,high,1,0,0,1,1,1,1,3,1,0,1,1,0,5,4,4,17.234,17.234,2.068,0.1199953580132296,1.317,0.0764187072066844,1.221,0.0708483230822792,12.628,0.7327376116978066
P053_T4,P053,visit,cologne,empty,low,moderate,0,0,1,1,1,1,0,4,0,0,1,1,2,5,4,4,14.478,14.478,8.087,0.5585716259151816,1.624,0.1121701892526592,3.252,0.2246166597596353,1.515,0.1046415250725238
P054_T1,P054,visit,cologne,low,empty,high,0,0,1,1,1,1,1,4,0,0,1,1,2,5,4,4,31.584,31.585,0.6,0.0189963590311856,10.418,0.3298401139781541,1.217,0.0385309482349216,19.35,0.6126325787557385
P054_T2,P054,feature,notre_dame,high,empty,empty,0,1,1,0,1,1,1,3,2,0,2,2,-3,6,5,4,23.117,23.116,5.65,0.2444194497317875,0.75,0.0324450596989098,0.532,0.0230143623464267,16.184,0.700121128222876
P054_T3,P054,visit,duomo,empty,low,high,0,0,1,1,1,0,0,3,0,0,0,0,3,4,3,4,7.516,7.516,4.683,0.6230707823310271,0.483,0.0642629058009579,0.584,0.077700904736562,1.766,0.2349654071314529
P054_T4,P054,feature,colosseum,moderate,empty,empty,0,1,1,0,1,1,1,3,2,0,2,2,-2,6,5,4,48.75,48.75,22.049,0.4522871794871795,0.617,0.0126564102564102,25.484,0.522748717948718,0.6,0.0123076923076923
P055_T1,P055,visit,notre_dame,empty,low,high,0,0,1,1,1,0,0,3,0,0,0,0,3,4,3,4,13.82,13.82,2.724,0.1971056439942113,2.036,0.1473227206946454,2.538,0.1836468885672937,6.522,0.4719247467438495
P055_T2,P055,feature,colosseum,low,moderate,empty,0,0,1,1,1,1,1,4,1,0,2,3,-1,6,5,4,22.018,22.017,5.426,0.2464459281464323,13.208,0.5999000772130627,1.617,0.0734432483989644,1.766,0.0802107462415406
P055_T3,P055,visit,duomo,moderate,low,high,0,0,1,1,1,1,1,4,2,0,3,3,1,7,6,4,26.168,26.168,1.648,0.0629776826658514,2.778,0.1061601956588199,9.279,0.3545933965148273,12.463,0.4762687251605013
P055_T4,P055,feature,cologne,high,moderate,empty,0,0,1,1,1,0,0,3,0,0,0,0,-3,4,3,4,10.046,10.046,1.694,0.1686243280907824,1.734,0.1726060123432212,2.56,0.254827792156082,4.058,0.4039418674099144
P056_T1,P056,visit,colosseum,high,empty,moderate,0,0,1,1,1,1,1,4,1,0,2,2,-1,6,5,4,19.301,19.301,2.561,0.1326874255219937,1.616,0.083726231801461,6.116,0.3168747733278068,9.008,0.4667115693487384
P056_T2,P056,feature,duomo,low,moderate,high,0,0,1,1,1,1,0,2,2,0,1,2,2,5,4,4,21.823,21.823,2.626,0.1203317600696512,5.145,0.2357604362369976,1.006,0.0460981533244741,13.046,0.5978096503688768
P056_T3,P056,visit,cologne,empty,low,high,0,0,1,1,1,1,1,9,2,0,8,6,3,12,11,4,36.867,36.867,15.504,0.4205386931402067,3.753,0.1017983562535601,11.052,0.2997802913174384,6.558,0.1778826592887948
P056_T4,P056,feature,notre_dame,moderate,high,empty,0,0,1,1,1,1,1,5,2,0,4,3,-2,8,7,4,25.792,25.791,10.523,0.4080105463146058,2.099,0.0813849792563297,8.828,0.3422899461052305,4.341,0.1683145283238339
P057_T1,P057,feature,notre_dame,low,empty,low,1,0,0,1,1,1,1,4,1,0,2,2,0,6,5,4,45.938,45.937000000000005,2.025,0.0440821124583668,39.435,0.8584583233559004,2.28,0.0496331932864575,2.197,0.047826370899275
P057_T2,P057,visit,colosseum,moderate,empty,low,0,0,1,1,1,1,1,9,1,0,7,4,-1,11,10,4,39.355,39.355,3.548,0.0901537288781603,14.468,0.3676280015245839,19.516,0.4958963282937365,1.823,0.0463219413035192
P057_T3,P057,feature,duomo,high,low,low,0,1,1,0,0,0,0,0,1,0,0,0,-2,2,1,2,14.011,14.01,0.0,0.0,2.339,0.1669521770164168,0.0,0.0,11.671,0.8330478229835832
P057_T4,P057,visit,cologne,empty,low,low,0,1,1,0,1,1,0,3,1,0,1,1,1,5,4,4,19.56,19.559,14.122,0.7220205531980162,3.27,0.1671864614755355,1.335,0.068255023262948,0.832,0.0425379620635001
P058_T1,P058,visit,notre_dame,low,empty,moderate,0,0,1,1,1,1,1,5,0,0,2,2,1,6,5,4,24.187,24.188,2.145,0.0886803373573673,15.953,0.6595419216140235,4.756,0.1966264263271043,1.334,0.0551513147015048
P058_T2,P058,feature,colosseum,high,empty,high,1,0,0,1,1,1,1,3,1,0,1,1,0,5,4,4,19.981,19.981,1.477,0.0739202242130023,1.103,0.0552024423202041,1.223,0.0612081477403533,16.178,0.8096691857264401
P058_T3,P058,visit,duomo,moderate,empty,high,0,0,1,1,1,1,1,3,1,0,1,1,1,5,4,4,12.908,12.909,0.787,0.0609652180649159,0.975,0.0755287009063444,6.084,0.4712990936555891,5.063,0.3922069873731505
P058_T4,P058,feature,cologne,empty,empty,high,0,0,1,1,1,0,0,3,0,0,0,0,3,4,3,4,12.27,12.27,7.973,0.6497962510187449,0.922,0.0751426242868785,1.86,0.1515892420537897,1.515,0.1234718826405868
P059_T1,P059,feature,cologne,low,empty,empty,0,1,1,0,1,1,1,4,1,0,2,2,-1,6,5,4,7.125,7.126,1.853,0.2600336794835812,3.998,0.5610440639910188,0.63,0.0884086444007858,0.645,0.090513612124614
P059_T2,P059,visit,notre_dame,moderate,empty,empty,0,1,1,0,1,1,1,3,2,0,2,2,-2,6,5,4,7.627,7.625999999999999,2.114,0.2772095462890113,1.455,0.1907946498819827,3.09,0.4051927616050354,0.967,0.1268030422239706
P059_T3,P059,feature,colosseum,high,empty,moderate,0,0,1,1,1,1,1,4,1,0,2,2,-1,6,5,4,5.483,5.483,0.465,0.0848075870873609,0.472,0.0860842604413642,1.597,0.2912639066204632,2.949,0.5378442458508116
P059_T4,P059,visit,duomo,empty,low,high,0,0,1,1,1,1,1,7,1,0,5,2,3,9,8,4,6.668,6.668,2.356,0.3533293341331733,1.327,0.1990101979604079,0.884,0.1325734853029394,2.101,0.3150869826034793
P060_T1,P060,feature,cologne,empty,empty,empty,1,1,0,0,1,1,1,3,1,0,1,1,0,5,4,4,11.608,11.608,7.816,0.673328738800827,0.528,0.045485871812543,0.568,0.0489317711922811,2.696,0.2322536181943487
P060_T2,P060,visit,notre_dame,low,empty,empty,0,1,1,0,1,1,1,4,1,0,2,2,-1,6,5,4,13.52,13.521,2.872,0.2124103246801272,5.874,0.4344353228311515,0.575,0.0425264403520449,4.2,0.3106279121366763
P060_T3,P060,feature,duomo,high,empty,low,0,0,1,1,1,1,1,4,2,0,3,3,-2,7,6,4,15.776,15.777,3.472,0.2200671864105977,2.48,0.1571908474361412,1.752,0.1110477277048868,8.073,0.5116942384483743
P060_T4,P060,visit,colosseum,moderate,empty,low,0,0,1,1,1,1,1,3,2,0,2,2,-1,6,5,4,11.584,11.585,0.873,0.0753560638757013,5.143,0.443936124298662,4.033,0.3481225722917566,1.536,0.13258523953388
P061_T1,P061,visit,duomo,high,moderate,high,1,0,0,1,1,1,1,3,1,0,1,1,0,5,4,4,11.655,11.655,1.553,0.1332475332475332,0.731,0.0627198627198627,0.715,0.0613470613470613,8.656,0.7426855426855427
P061_T2,P061,feature,cologne,moderate,low,low,0,1,1,0,1,1,1,6,1,0,4,3,-1,8,7,4,19.114,19.114,3.117,0.1630741864601862,3.071,0.1606675735063304,11.745,0.6144710683268808,1.181,0.0617871717066024
P061_T3,P061,visit,notre_dame,empty,low,moderate,0,0,1,1,1,1,0,4,1,0,2,2,2,6,5,4,11.014,11.014,2.578,0.2340657345197022,2.619,0.2377882694752134,1.845,0.1675140729980025,3.972,0.3606319230070819
P061_T4,P061,feature,colosseum,low,moderate,high,0,0,1,1,0,0,0,2,0,0,0,0,2,3,2,3,9.642,9.642,0.0,0.0,4.985,0.5170089193113462,1.046,0.108483717071147,3.611,0.3745073636175067
P062_T1,P062,visit,notre_dame,high,moderate,empty,0,0,1,1,1,1,1,3,2,0,2,2,-3,6,5,4,25.548,25.548,5.113,0.2001330828244872,4.021,0.157390010959762,3.463,0.1355487709409738,12.951,0.5069281352747769
P062_T2,P062,feature,duomo,moderate,empty,low,0,0,1,1,1,1,1,3,2,0,2,2,-1,6,5,4,33.725,33.725,4.917,0.1457968865826538,5.679,0.1683914010378057,13.153,0.3900074128984432,9.976,0.2958042994810971
P062_T3,P062,visit,colosseum,empty,low,empty,1,0,0,1,1,1,1,3,1,0,1,1,0,5,4,4,32.317,32.316,10.901,0.3373251640054462,10.842,0.3354994430003713,5.997,0.1855737096175269,4.576,0.1416016833766555
P062_T4,P062,feature,cologne,low,high,empty,0,0,1,1,0,0,0,0,2,0,0,1,-1,3,2,3,14.849,14.849,3.034,0.2043235234695939,7.45,0.5017172873594181,0.0,0.0,4.365,0.2939591891709879
P063_T1,P063,visit,cologne,low,moderate,moderate,0,1,1,0,0,1,0,5,0,0,3,3,1,6,5,3,15.405,15.405,0.0,0.0,6.039,0.3920155793573515,5.234,0.3397598182408309,4.132,0.2682246024018175
P063_T2,P063,feature,notre_dame,empty,low,moderate,0,0,1,1,1,1,0,4,0,0,1,1,2,5,4,4,14.768,14.769,7.576,0.5129663484325275,1.635,0.1107048547633556,3.69,0.2498476538695917,1.868,0.126481142934525
P063_T3,P063,visit,duomo,moderate,low,high,0,0,1,1,1,1,0,1,3,0,1,3,1,5,4,4,23.011,23.012,1.636,0.0710933426038588,1.748,0.0759603685033895,16.111,0.7001129845298105,3.517,0.152833304362941
P063_T4,P063,feature,colosseum,high,moderate,moderate,0,1,1,0,0,1,1,5,0,0,3,2,-1,6,5,3,11.326,11.326,0.0,0.0,2.122,0.1873565248101712,3.346,0.2954264524103832,5.858,0.5172170227794455
P064_T1,P064,feature,duomo,low,empty,high,0,0,1,1,1,1,1,4,2,0,3,3,2,7,6,4,41.571,41.571,9.089,0.2186379928315412,16.432,0.3952755526689278,1.897,0.0456327728464554,14.153,0.3404536816530755
P064_T2,P064,visit,cologne,high,moderate,high,1,0,0,1,0,1,1,2,0,0,1,1,0,3,2,2,20.985,20.985,0.0,0.0,0.0,0.0,8.453,0.4028115320467,12.532,0.5971884679532999
P064_T3,P064,feature,notre_dame,empty,moderate,moderate,0,1,1,0,0,0,0,0,1,0,0,0,2,2,1,2,13.583,13.583,8.019,0.5903703158359714,0.0,0.0,5.564,0.4096296841640285,0.0,0.0
P064_T4,P064,visit,colosseum,moderate,moderate,moderate,1,1,0,0,0,0,0,0,0,0,0,0,0,1,0,1,5.753,5.753,0.0,0.0,0.0,0.0,5.753,1.0,0.0,0.0
P065_T1,P065,visit,cologne,empty,low,empty,1,0,0,1,1,1,1,3,1,0,1,1,0,5,4,4,6.96,6.961,5.665,0.8138198534693291,0.241,0.0346214624335583,0.224,0.032179284585548,0.831,0.1193793995115644
P065_T2,P065,feature,notre_dame,moderate,empty,low,0,0,1,1,0,1,1,3,1,0,2,2,-1,5,4,3,8.528,8.528,0.52,0.0609756097560975,1.516,0.1777673545966228,6.492,0.7612570356472795,0.0,0.0
P065_T3,P065,visit,colosseum,high,empty,empty,0,1,1,0,0,0,0,0,1,0,0,0,-3,2,1,2,3.761,3.761,1.416,0.3764956128689178,0.0,0.0,0.0,0.0,2.345,0.6235043871310821
P065_T4,P065,feature,duomo,low,low,low,1,1,0,0,0,0,0,0,0,0,0,0,0,1,0,1,3.588,3.588,0.0,0.0,3.588,1.0,0.0,0.0,0.0,0.0
